V1,V2,V3,V4,V5,V6,V7,V8,V9,V10,V11,V12,V13,V14,V15,V16,V17,V18,V19,V20,V21,V22,V23,V24,V25,V26,V27,V28,V29,V30,V31,V32,V33,V34,V35,V36,V37,V38,V39,V40,V41,V42,V43,V44,V45,V46,V47,V48,V49,V50,V51,V52,V53,V54,V55,V56,V57,V58,V59,V60,V61,V62,V63,V64,V65,V66,V67,V68,V69,V70,V71,V72,V73,V74,V75,V76,V77,V78,V79,V80,V81,V82,V83,V84,V85,V86,V87,V88,V89,V90,V91,V92,V93,V94,V95,V96,V97,V98,V99,V100,V101,V102,V103,V104,V105,V106,V107,V108,V109,V110,V111,V112,V113,V114,V115,V116,V117,V118,V119,V120,V121,V122,V123,V124,V125,V126,V127,V128,V129,V130,V131,V132,V133,V134,V135,V136,V137,V138,V139,V140
I1,I1,I1,I1,I1,I1,I1,I1,I1,I1,I1,I1,I1,I1,I1,U4,U4,U4,U4,U4,U4,U4,U4,U4,U4,U4,U4,U4,U4,U4,U4,U4,U4,U4,S3,S3,A7,A7,A7,A7,A7,A7,A7,A7,A7,A7,A7,O9,F6,F6,F6,F6,F6,F6,F6,F6,F6,F6,F6,F6,C13,C13,C13,N9,N9,N9,K12,K12,K12,K12,K12,K12,K12,K12,K12,K12,K12,G10,G10,G10,G10,G10,G10,G10,H19,H19,H19,H19,H19,H19,H19,H19,C16,C16,R20,X19,X19,X19,X19,X19,X19,X19,X19,I19,I19,I19,I19,L21,K20,L21,L21,L21,L21,L21,L21,L21,L21,L21,L21,L21,L21,L21,L21,L21,L21,F19,T20,T20,T20,T20,T20,T20,T20,T20,T20,T20,W24,W24,W24,W24
I1,I1,A1,I1,I1,I1,Y1,I1,I1,I1,I1,I1,I1,I1,I1,I1,U4,U4,U4,U4,U4,U4,U4,U4,U4,U4,U4,U4,U4,U4,U4,U4,U4,U4,U4,S3,U4,A7,A7,A7,A7,A7,A7,A7,A7,A7,A7,F6,F6,F6,F6,F6,F6,F6,F6,F6,E8,F6,F6,C13,C13,C13,C13,N9,N9,N9,K12,K12,K12,K12,K12,K12,K12,K12,G10,G10,G10,G10,G10,G10,N12,G10,G10,G10,H19,H19,H19,H19,H19,H19,H19,C16,C16,C16,X19,X19,X19,X19,X19,X19,X19,X19,X19,I19,I19,I19,I19,L21,L21,L21,L21,L21,L21,L21,L21,L21,L21,L21,L21,L21,L21,L21,L21,L21,L21,F19,T20,T20,T20,T20,T20,T20,T20,T20,T20,T20,W24,W24,X26,W24
I1,I1,A1,I1,I1,I1,Y1,Y1,Y1,Y1,Y1,Y1,Y1,Y1,Y1,Y1,Y1,U4,U4,U4,U4,U4,U4,U4,U4,U4,U4,U4,U4,U4,U4,U4,U4,U4,U4,U4,U4,A7,A7,A7,A7,A7,A7,A7,A7,A7,A7,F6,F6,E8,E8,E8,F6,F6,E8,E8,E8,E8,N9,N9,N9,N9,N9,N9,N9,N9,K12,K12,K12,K12,K12,K12,G10,G10,G10,G10,G10,G10,G10,G10,G10,G10,G10,G10,G10,G10,G10,H19,H19,H19,H19,C16,C16,C16,C16,X19,C17,X19,X19,X19,X19,X19,I19,I19,I19,I19,L21,L21,L21,L21,L21,L21,L21,L21,L21,L21,L21,L21,L21,L21,L21,L21,L21,L21,L21,F19,T20,T20,T20,T20,T20,T20,T20,T20,T20,W24,W24,X26,X26,W24
I1,A1,A1,A1,I1,I1,Y1,Y1,Y1,Y1,Y1,Y1,Y1,Y1,Y1,Y1,L6,U4,U4,U4,U4,U4,U4,U4,U4,U4,H9,H9,U4,U4,U4,U4,U4,U4,U4,U4,A7,A7,A7,A7,A7,A7,A7,A7,A7,A7,A7,F6,E8,E8,E8,E8,E8,F6,E8,E8,E8,E8,N9,N9,N9,N9,N9,N9,N9,N9,N9,K12,K12,K12,K12,K12,K12,G10,G10,G10,G10,G10,G10,G10,G10,G10,G10,G10,G10,G10,G10,H19,H19,H19,C16,C16,C16,C16,C16,C16,X19,X19,X19,X19,X19,X19,I19,M14,I19,M14,L21,L21,M14,L21,L21,L21,L21,L21,L21,L21,L21,L21,L21,L21,L21,L21,L21,L21,F19,F19,F19,F19,F19,T20,T20,T20,T20,T20,T20,X26,X26,X26,X26,X26
A1,A1,A1,I1,I1,I1,Y1,Y1,Y1,Y1,Y1,Y1,Y1,Y1,Y1,Y1,U4,U4,U4,U4,U4,U4,U4,U4,U4,U4,H9,H9,H9,H9,H9,H9,U4,U4,U4,U4,U4,U4,U4,A7,A7,A7,A7,A7,A7,A7,A7,A7,E8,E8,E8,E8,E8,E8,E8,E8,E8,E8,E8,W11,N9,N9,N9,N9,Z15,Z15,Z15,Z15,Z15,K12,K12,K12,G10,G10,G10,G10,G10,G10,G10,G10,G10,G10,G10,G10,G10,G10,G10,G10,G10,C16,C16,C16,C16,C16,C16,C16,C16,X19,X19,X19,X19,X19,I19,M14,M14,M14,L21,L21,M14,L21,L21,L21,L21,L21,L21,L21,L21,L21,L21,L21,L21,L21,L21,L21,L21,F19,F19,T20,T20,T20,T20,T20,T20,T20,T20,X26,X26,X26,X26,X26
A1,A1,A1,I1,I1,Y1,Y1,Y1,Y1,Y1,Y1,Y1,Y1,Y1,Y1,Y1,Y1,U4,U4,U4,U4,U4,U4,U4,U4,H9,H9,H9,H9,H9,H9,H9,H9,H9,H9,U4,U4,U4,A7,A7,A7,A7,A7,A7,A7,A7,A7,A7,E8,E8,E8,E8,E8,E8,E8,E8,E8,E8,E8,N9,N9,N9,N9,Z15,Z15,Z15,Z15,Z15,Z15,Z15,Z15,K12,K12,K12,G10,G10,G10,G10,G10,G10,G10,G10,G10,G10,G10,G10,G10,G10,W17,C16,C16,C16,C16,C16,C16,C16,X19,X19,X19,X19,X19,X19,M14,M14,M14,M14,L21,M14,M14,M14,M14,L21,L21,L21,L21,L21,L21,L21,L21,L21,L21,L21,L21,L21,F19,F19,F19,T20,T20,T20,T20,T20,T20,T20,T20,X26,X26,X26,X26,Q31
A1,A1,A1,I1,I1,I1,Y1,R1,R1,Y1,Y1,Y1,Y1,Y1,Y1,Y1,Y1,U4,U4,U4,U4,H9,H9,H9,H9,H9,H9,H9,H9,H9,H9,H9,H9,H9,H9,A7,A7,U4,A7,A7,A7,A7,A7,A7,A7,A7,A7,E8,E8,E8,O10,E8,E8,E8,E8,E8,E8,E8,E8,E8,N9,N9,N9,N9,N9,Z15,Z15,Z15,K12,K12,K12,K12,K12,K12,K12,G10,G10,G10,G10,G10,G10,G10,G10,G10,G10,G10,G10,G10,W17,C16,C16,C16,C16,C16,C16,C16,R21,X19,X19,X19,J14,J14,M14,M14,M14,M14,M14,M14,M14,M14,M14,L21,L21,L21,L21,L21,L21,L21,L21,L21,L21,L21,L21,F19,F19,R24,T20,T20,T20,T20,T20,X26,X26,X26,X26,X26,X26,X26,X26,X26
A1,A1,A1,A1,I1,I1,A1,R1,R1,R1,Y1,Y1,Y1,Y1,Y1,Y1,Y1,Y1,U4,U4,U4,U4,A4,H9,H9,H9,H9,H9,H9,H9,H9,H9,H9,H9,H9,A7,A7,A7,A7,A7,A7,A7,A7,A7,A7,A7,A7,H13,H13,E8,E8,E8,E8,E8,E8,E8,E8,E8,N9,N9,N9,N9,N9,N9,C12,Z15,Z15,Z15,K12,K12,K12,K12,K12,B9,G10,G10,G10,G10,G10,G10,G10,G10,G10,G10,G10,G10,G10,G10,G10,C16,U13,C16,C16,C16,C16,C16,R21,Y14,Y14,X19,X19,X19,M14,M14,M14,M14,M14,M14,M14,M14,M14,L21,L21,L21,L21,L21,L21,L21,L21,L21,L21,M16,L21,M16,R24,R24,R24,R24,T20,R24,R24,X26,X26,X26,X26,X26,X26,X26,X26,X26
A1,A1,A1,A1,A1,A1,A1,R1,R1,R1,R1,Y1,R1,Y1,Y1,P3,M2,M2,I6,U4,P4,U4,A4,A4,H9,H9,H9,H9,H9,H9,H9,H9,H9,A7,A7,A7,A7,A7,A7,A7,A7,A7,A7,A7,A7,A7,A7,H13,H13,E8,E8,G3,E8,E8,E8,E8,E8,E8,E8,E8,N9,N9,N9,C12,C12,C12,Z15,Z15,B9,K12,K12,K12,K12,B9,B9,G10,G10,G10,G10,G10,G10,G10,G10,G10,G10,G10,A13,F12,F12,F12,C16,C16,C16,C16,C16,C16,C16,C16,Y14,X19,Y14,X19,M14,M14,M14,M14,M14,M14,M14,L21,L21,L21,L21,L21,L21,L21,L21,L21,L21,M16,M16,M16,M16,M16,R24,R24,R24,R24,T20,R24,R24,R24,R24,X26,X26,X26,X26,X26,X26,X26
A1,A1,A1,A1,A1,R1,R1,R1,R1,R1,R1,R1,R1,Y1,M2,M2,M2,M2,M2,M2,P4,P4,A4,Z8,A4,H9,H9,H9,H9,H9,H9,H9,H9,A7,A7,A7,A7,A7,A7,A7,A7,A7,A7,A7,A7,A7,A7,A7,H13,E8,E8,G3,G3,E8,E8,E8,E8,E8,E8,C12,N9,C12,C12,C12,C12,C12,Z15,Z15,B9,K12,K12,K12,B9,B9,B9,G10,I15,G10,G10,G10,A13,A13,A13,G10,G10,G10,A13,F12,F12,F12,F12,C16,C16,C16,C16,C16,C16,Y14,Y14,Y14,Y14,Y14,M14,M14,M14,M14,M14,M14,M14,M14,L21,L21,L21,L21,L21,L21,L21,L21,R24,R24,M16,M16,M16,M16,R24,R24,R24,R24,R24,R24,R24,R24,X26,X26,X26,X26,X26,X26,X26,X26
A1,A1,R1,R1,R1,R1,Z3,R1,Z3,Z3,R1,R1,M2,M2,M2,M2,M2,M2,M2,M2,A4,A4,A4,A4,A4,H9,H9,H9,H9,H9,H9,H9,A7,A7,Z9,Z9,Z9,A7,A7,A7,A7,A7,A7,A7,A7,A7,A7,A7,H13,H13,E8,G3,G3,G3,E8,E8,E8,E8,E8,C12,C12,C12,C12,C12,Z15,Z15,Z15,Z15,B9,B9,B9,B9,B9,B9,B9,W14,G10,G10,G10,A13,A13,A13,A13,A13,A13,C15,A13,A13,F12,F12,F12,C16,C16,C16,C16,Y14,Y14,Y14,Y14,Y14,Y14,Y14,M14,M14,M14,M14,M14,M14,M14,S18,S18,L21,L21,L21,L21,L21,L21,L21,R24,R24,R24,M16,R24,M16,R24,R24,R24,R24,R24,R24,R24,R24,X26,X26,X26,X26,X26,X26,X26,X26
A1,A1,A1,A1,R1,R1,Z3,Z3,Z3,Z3,M2,M2,M2,M2,M2,M2,M2,M2,Q3,M2,P5,A4,A4,A4,A4,H9,H9,H9,H9,Z9,H9,Z9,A7,Z9,Z9,Z9,Z9,Z9,Z9,Z9,A7,A7,A7,A7,A7,A7,A7,A7,H13,H13,H13,G3,G3,G3,G3,C12,E8,E8,C12,C12,C12,C12,C12,C12,C12,Z15,Z15,Z15,B9,B9,B9,B9,B9,B9,B9,W14,W14,G10,A13,A13,A13,A13,A13,A13,A13,A13,A13,A13,F12,F12,F12,C16,C16,C16,C16,Y14,Y14,Y14,Y14,Y14,Y14,Y14,M14,S18,M14,M14,M14,M14,M14,S18,S18,S18,L21,I20,I20,I20,L21,R24,R24,R24,R24,R24,R24,M16,R24,R24,R24,R24,R24,R24,R24,R24,R24,X26,X26,D23,X26,X26,X26,X26
A1,A1,A1,R1,R1,R1,Z3,Z3,Z3,Z3,M2,M2,M2,M2,M2,M2,M2,M2,M2,M2,P5,P5,A4,A4,A4,H9,H9,H9,Z9,Z9,Z9,Z9,Z9,Z9,Z9,Z9,Z9,Z9,Z9,Z9,Z9,Z9,A7,A7,A7,A7,A7,A7,A7,H13,H13,G3,G3,Z13,G3,C12,C12,E8,C12,C12,C12,C12,C12,C12,Z15,Z15,Z15,B9,B9,B9,B9,B9,B9,B9,B9,B9,W14,W14,A13,A13,A13,A13,A13,A13,A13,A13,A13,A13,F12,F12,F12,Y14,C16,C16,C16,C16,Y14,Y14,Y14,Y14,Y14,Y14,M14,S18,M14,M14,M14,M14,S18,S18,S18,S18,S18,S18,S18,R24,L21,R24,R24,R24,R24,R24,M16,M16,R24,R24,R24,G19,G19,R24,R24,R24,X26,X26,X26,X26,X26,R24,X26,X26
A1,A1,A1,A1,R1,R1,Z3,Z3,Z3,Z3,M2,M2,M2,M2,M2,M2,M2,M2,M2,M2,A4,A4,A4,A4,A4,H9,E4,Z9,Z9,Z9,Z9,Z9,Z9,Z9,Z9,Z9,Z9,Z9,Z9,Z9,Z9,Z9,Z9,A7,A7,Z9,Z9,Z9,H13,H13,G3,G3,G3,G3,G3,C12,C12,C12,C12,C12,C12,C12,C12,C12,Z15,Z15,Z15,B9,B9,B9,B9,B9,B9,B9,B9,B9,W14,W14,W14,A13,A13,A13,A13,A13,A13,A13,A13,A13,A13,F12,Y14,Y14,Y14,Y14,Y14,C16,Y14,Y14,Y14,Y14,Y14,S18,S18,S18,S18,S18,S18,S18,S18,S18,S18,S18,S18,S18,R24,R24,R24,R24,R24,R24,R24,R24,R24,R24,R24,R24,R24,G19,G19,R24,R24,R24,R24,R24,R24,R24,R24,R24,X26,X26
R1,A1,R1,R1,R1,R1,Z3,Z3,Z3,Z3,M2,M2,M2,M2,I4,W7,M2,M2,M2,M2,I4,A4,A4,A4,A4,D7,D7,D7,D7,D7,D7,B4,Z9,Z9,Z9,Z9,Z9,Z9,Z9,Z9,Z9,Z9,Z9,Z9,Z9,Z9,Z9,Z9,G3,G3,G3,G3,G3,G3,G3,C12,C12,C12,C12,C12,C12,C12,C12,Z15,Z15,Z15,Z15,Z15,B9,B9,B9,B9,W14,W14,W14,W14,W14,W14,W14,W14,A13,A13,A13,A13,A13,A13,A13,A13,Y14,Y14,Y14,Y14,Y14,Y14,Y14,Y14,Y14,Y14,Y14,Y14,S18,S18,S18,S18,S18,S18,S18,S18,S18,S18,S18,A16,R24,R24,R24,A17,R24,R24,R24,R24,R24,R24,R24,R24,R24,R24,R24,G19,G19,R24,R24,R24,R24,R24,R24,R24,R24,Z23,Z23,Z23
R1,R1,R1,R1,R1,R1,R1,Z3,J1,M2,M2,I4,I4,I4,I4,W7,I4,I4,I4,I4,I4,A4,A4,A4,A4,D7,D7,D7,D7,D7,D7,Z9,Z9,Z9,Z9,Z9,Z9,Z9,Z9,Z9,Z9,Z9,Z9,Z9,Z9,Z9,Z9,Z9,G3,G3,G3,G3,G3,G3,G3,C12,C12,C12,C12,C12,C12,C12,C12,Z15,Z15,Z15,Z15,Z15,B9,Y12,W14,B9,W14,W14,W14,W14,W14,W14,W14,W14,W14,A13,A13,V16,V16,V16,Y14,Y14,Y14,Y14,Y14,Y14,Y14,Y14,Y14,Y14,Y14,Y14,Y14,Y14,S18,S18,S18,S18,S18,S18,S18,S18,S18,S18,S18,S18,F17,R24,R24,A17,A17,R24,R24,R24,R24,R24,R24,R24,R24,R24,R24,G19,G19,G19,G19,R24,R24,R24,R24,R24,R24,Z23,Z23,H27
R1,R1,R1,R1,R1,R1,R1,W1,J1,J1,J1,J1,J1,I4,I4,I4,I4,I4,I4,I4,I4,I4,A4,D7,D7,D7,D7,D7,D7,D7,D7,Z9,Z9,Z9,Z9,Z9,Z9,Z9,Z9,Z9,Z9,Z9,Z9,Z9,Z9,Z9,Z9,G3,G3,G3,G3,G3,G3,G3,G3,C12,C12,C12,C12,C12,C12,C12,C12,Z15,Z15,Z15,Z15,Z15,W14,W14,W14,W14,W14,W14,W14,W14,W14,W14,W14,W14,W14,A13,A13,S15,V16,V16,Y14,Y14,Y14,Y14,Y14,Y14,Y14,Y14,Y14,Y14,Y14,Y14,Y14,Y14,Y14,S18,S18,S18,S18,S18,S18,S18,S18,S18,S18,S18,F17,F17,A17,A17,A17,R24,R24,R24,R24,R24,R24,I21,I21,I21,I21,Q28,G19,G19,G19,R24,R24,I21,R24,R24,R24,Z23,H27,H27
R1,R1,R1,R1,R1,W1,R1,W1,W1,J1,Y5,I4,I4,I4,I4,I4,I4,I4,I4,I4,I4,A4,A4,D7,D7,D7,D7,D7,D7,D7,D7,D7,D7,Z9,Z9,Z9,Z9,Z9,Z9,Z9,Z9,Z9,Z9,Z9,Z9,Z9,Z9,G3,G3,G3,G3,G3,G3,G3,G3,C12,C12,C12,C12,C12,C12,C12,Q13,Z15,Z15,Z15,Z15,Z15,W14,W14,W14,W14,W14,W14,W14,W14,W14,W14,W14,W14,Z17,Z17,A13,V16,V16,V16,V16,Y14,Y14,Y14,Y14,Y14,Y14,Y14,Y14,Y14,Y14,Y14,Y14,Y14,Y14,Y14,S18,S18,S18,S18,S18,S18,S18,S18,S18,S18,F17,A17,A17,A17,A17,A17,A17,A17,A17,R24,I21,I21,I21,I21,I21,I21,F20,G19,G19,G19,I21,I21,I21,R24,R24,Z23,Z23,H27
R1,R1,W1,W1,W1,W1,W1,W1,W1,J1,Y5,P2,I4,I4,I4,I4,I4,I4,I4,I4,I4,A4,A4,A4,D7,D7,D7,P6,P6,P6,P6,Z9,Z9,Z9,Z9,Z9,Z9,Z9,Z9,Z9,Z9,Z9,Z9,Z9,Z9,Z9,G3,G3,G3,G3,G3,G3,G3,G3,G3,G3,G3,O11,O11,O11,C12,C12,Q13,Q13,Z15,Z15,Z15,Z15,Z15,W14,W14,W14,W14,W14,W14,W14,W14,W14,W14,W14,Z17,Z17,A13,O14,V16,V16,V16,V16,V16,Y14,Y14,Y14,Y14,Y14,Y14,Y14,Y14,Y14,Y14,Y14,Y14,S18,S18,S18,S18,S18,S18,S18,S18,S18,W21,S18,F17,A17,A17,A17,A17,A17,A17,A17,A17,A17,I21,I21,I21,I21,I21,I21,I21,I21,I21,I21,I21,I21,I21,I21,R24,Z23,Z23,Z23
W1,W1,W1,W1,W1,W1,W1,W1,W1,W1,Y5,P2,P2,P2,I4,I4,I4,I4,I4,A4,A4,A4,A4,D7,D7,D7,D7,P6,P6,P6,P6,P6,P6,P6,Z9,Z9,Z9,G5,Z9,Z9,Z9,Z9,Z9,Z9,Z9,Z9,G3,G3,G3,G3,G3,G3,G3,G3,G3,D12,O11,O11,O11,O11,Q13,Q13,Q13,Q13,Z15,Q13,Z15,Z15,W14,W14,W14,W14,W14,W14,W14,W14,W14,Z17,Z17,Z17,Z17,Z17,O14,O14,V16,V16,V16,V16,V16,V16,Y14,T14,Y14,Y14,Y14,Y14,Y14,Y14,Y14,Y14,Y14,S18,S18,S18,S18,S18,S18,S18,S18,S18,W21,K19,F17,A17,A17,A17,A17,A17,A17,A17,A17,A17,A17,I21,I21,I21,I21,I21,I21,I21,I21,I21,I21,X27,I21,R26,Z23,Z23,Z23,Z23
U1,W1,W1,W1,W1,W1,W1,W1,W1,H5,Y5,Y5,Y5,P2,I4,I4,I4,I4,I4,A4,A4,A4,A4,A4,A4,D7,D7,P6,P6,P6,P6,P6,P6,P6,Z9,Z9,Z9,Z9,Z9,Z9,Z9,Z9,Z9,Z9,Z9,G3,G3,G3,G3,G3,G3,G3,G3,H15,G3,G3,O11,O11,O11,E12,E12,Q13,Q13,Q13,Z15,Q13,Q13,Z15,W14,W14,W14,W14,W14,W14,W14,W14,W14,Z17,Z17,Z17,Z17,Z17,O14,O14,O14,O14,O14,V16,V16,V16,Y14,Y14,Y14,Y14,Y14,Y14,Y14,Y14,Y14,Y14,Y14,Y14,S18,S18,S18,S18,S18,S18,S18,S18,S18,K19,F17,A17,A17,A17,A17,A17,A17,A17,A17,A17,A17,A17,I21,I21,I21,I21,I21,I21,I21,I21,I21,Z23,R25,Z23,Z23,Z23,Z23,Z23
U1,W1,W1,W1,W1,W1,W1,W1,W1,W1,Y5,Y5,Y5,Y5,I4,I4,I4,I4,I4,H7,H7,H7,A4,A4,P6,P6,P6,P6,P6,P6,P6,P6,P6,P6,P6,Z9,Z9,G3,Z9,G3,Z9,Z9,Z9,G3,G3,G3,G3,G3,G3,G3,I10,G3,G3,H15,H15,H15,O11,O11,O11,E12,E12,Q13,Q13,Q13,Q13,Q13,Q13,Z15,Z15,W14,W14,W14,W14,W14,W14,W14,W14,W14,Z17,Z17,Z17,Z17,Z17,Z17,O14,O14,O14,V16,V16,V16,Y14,Y14,A15,Y14,Y14,Y14,Y14,Y14,V21,Y14,V21,Y14,G14,S18,S18,K19,K19,K19,K19,S18,K19,K19,A17,A17,A17,A17,A17,A17,A17,A17,A17,A17,A17,A17,I21,I21,I21,I21,I21,I21,I21,I21,Z23,Z23,Z23,Z23,Z23,Z23,Z23,Z23
W1,W1,W1,W1,W1,W1,W1,W1,W1,W1,A3,Y5,Y5,Y5,I4,I4,I4,I4,H7,H7,H7,H7,H7,P6,P6,P6,P6,P6,P6,P6,P6,P6,P6,P6,P6,Z9,G3,G3,G3,G3,G3,G3,G3,G3,G3,G3,G3,G3,G3,G3,I10,G3,H15,H15,H15,O11,O11,O11,O11,O11,E12,Q13,Q13,Q13,Q13,Q13,Q13,H18,H18,H18,H18,W14,W14,W14,W14,W14,W14,Z17,Z17,Z17,Z17,Z17,V16,V16,O14,V16,V16,V16,V16,V16,V16,M12,M12,M12,M12,M12,Y14,Y14,V21,Y14,V21,V21,S18,S18,S18,K19,K19,K19,K19,K19,K19,K19,A17,A17,A17,A17,A17,A17,A17,A17,A17,A17,A17,G18,I21,I21,I21,I21,Z23,Z23,Z23,Z23,Z23,Z23,Z23,Z23,Z23,Z23,Z23,Z23
W1,W1,W1,W1,W1,W1,W1,W1,W1,W1,A3,Y5,Y5,Y5,I4,I4,I4,H7,H7,H7,H7,H7,H7,H7,H7,P6,P6,P6,P6,K6,K6,K6,P6,P6,G3,G3,G3,G3,G3,G3,G3,G3,G3,G3,G3,I10,I10,I10,I10,I10,I10,I10,H15,H15,H15,O11,O11,O11,O11,Q13,Q13,Q13,Q13,Q13,Q13,X13,Q13,H18,X13,X13,W14,W14,W14,W14,W14,W14,Z17,Z17,Z17,Z17,Z17,Z17,V16,V16,V16,V16,V16,V16,V16,V16,V16,M12,M12,M12,M12,M12,Y14,M12,V21,V21,V21,V21,S18,Y17,K19,K19,K19,K19,K19,K19,K19,K19,K19,A17,A17,A17,A17,A17,A17,A17,A17,A17,A17,A17,I21,I21,I21,I21,I21,I21,Z23,Z23,Z23,Z23,Z23,Z23,Z23,Z23,Z23,Z23
W1,W1,W1,W1,W1,W1,W1,W1,W1,K3,K3,K3,K3,K3,K3,K3,K3,H7,H7,H7,H7,H7,H7,H7,H7,P6,P6,K6,K6,K6,K6,K6,G3,G3,G3,G3,G3,G3,G3,G3,G3,G3,G3,X9,G3,G3,I10,I10,I10,I10,R13,R13,H15,H15,H15,H15,O11,O11,O11,Q13,Q13,Q13,Q13,Q13,X13,X13,X13,H18,X13,X13,X13,X13,W14,W14,W14,W14,W14,Z17,S9,Z17,S9,Z17,Z17,V16,V16,V16,V16,V16,V16,V16,M12,M12,M12,M12,M12,M12,M12,M12,M12,V21,Y17,Y17,Y17,Y17,Y17,K19,K19,K19,K19,K19,K19,K19,K19,A17,A17,A17,A17,A17,A17,A17,A17,A17,A17,A17,I21,I21,I21,I21,I21,Z23,Z23,Z23,Z23,Z23,Z23,Z23,Z23,Z23,Z23,Z23
W1,W1,W1,W1,W1,W1,W1,Y2,Y2,K3,K3,K3,K3,K3,K3,K3,K3,I5,H7,H7,H7,H7,H7,H7,H7,P6,K6,K6,K6,K6,K6,K6,U6,G3,G3,G3,X9,X9,G3,G3,G3,G3,X9,X9,X9,X9,X9,R13,R13,R13,R13,R13,H15,H15,O11,O11,O11,O11,O11,Q13,H16,Q13,Q13,X13,X13,X13,X13,X13,X13,X13,X13,X13,W14,W14,W14,W14,W14,W14,S9,S9,S9,Z17,Z17,V16,V16,V16,V16,V16,V16,M12,M12,M12,M12,M12,M12,M12,M12,M12,M12,Y17,Y17,Y17,Y17,Y17,Y17,Y17,K19,K19,K19,K19,K19,K19,K19,A17,A17,A17,A17,A17,A17,A17,A17,A17,A17,I21,I21,I21,I21,I21,I21,I21,Z23,Z23,Z23,Z23,Z23,Z23,Z23,Z23,Z23,Z23
W1,W1,W1,W1,W1,W1,W1,W1,Y2,K3,K3,K3,K3,K3,K3,K3,K3,Y6,H7,H7,H7,H7,H7,H7,H7,P6,K6,K6,K6,K6,K6,K6,K6,X8,G3,G3,U7,X9,X9,X9,X9,X9,X9,X9,X9,X9,X9,R13,R13,R13,R13,R13,R13,R13,O11,O11,O11,O11,O11,H16,H16,Q13,Q13,X13,X13,X13,X13,X13,X13,X13,X13,X13,X13,W14,S9,S9,W14,S9,S9,S9,S9,S9,Z17,Z17,I16,I16,V16,V16,V16,V16,M12,M12,M12,M12,M12,M12,M12,M12,M12,M12,Y17,Y17,Y17,Y17,Y17,Y17,K19,K19,Y17,K19,K19,K19,K19,K19,A17,A17,A17,A17,A17,A17,A17,A17,A17,I21,I21,I21,I21,I21,Z23,Z23,Z23,Z23,Z23,Z23,Z23,Z23,Z23,Z23,Z23,Z23
W1,W1,W1,W1,W1,W1,W1,W1,Y2,K3,K3,K3,K3,K3,K3,K3,K3,K3,K3,H7,H7,H7,H7,H7,K6,K6,K6,K6,K6,K6,K6,K6,K6,K6,Q7,Q7,X9,X9,X9,X9,X9,X9,X9,X9,X9,R13,R13,R13,R13,R13,R13,R13,R13,R13,R13,O11,O11,H16,O11,H16,H16,H16,Q13,X13,X13,X13,X13,X13,X13,X13,X13,B11,B11,S9,S9,S9,S9,S9,S9,S9,S9,S9,Z17,Z17,I16,I16,V16,E14,V16,V16,M12,M12,M12,M12,M12,M12,M12,M12,M12,M12,Y17,Y17,Y17,Y17,Y17,Y17,Y17,Y17,Y17,Y17,K19,K19,K19,K19,A17,A17,A17,A17,A17,A17,A17,I21,I21,I21,I21,I21,I21,I21,I21,Z23,Z23,I22,Z23,Z23,Z23,Z23,Z23,Z23,Z23,Z23
W1,W1,W1,W1,W1,W1,Y2,Y2,Y2,K3,K3,K3,K3,K3,K3,K3,K3,K3,K3,H7,H7,H7,H7,K6,K6,K6,K6,K6,K6,K6,K6,K6,K6,K6,Q7,Q7,Y7,S4,S4,X9,X9,X9,X9,X9,X9,X9,R13,R13,R13,R13,R13,R13,R13,R13,R13,H16,H16,H16,H16,H16,H16,H16,X13,X13,X13,X13,X13,X13,X13,X13,B11,B11,B11,S9,S9,S9,S9,S9,S9,S9,S9,S9,I16,I16,I16,I16,I16,E14,E14,V16,V16,M12,M12,M12,M12,M12,M12,M12,Y17,Y17,Y17,Y17,Y17,Y17,Y17,Y17,Y17,Y17,Y17,Y17,Y17,Y17,K19,A17,A17,A17,A17,A17,A17,A17,A17,I21,I21,I21,I21,I21,I21,I21,I21,A22,X25,Z23,Z23,Z23,Z23,Z23,Z23,Z23,Z23,Z23
W1,W1,W1,W1,W1,W1,Y2,Y2,Y2,K3,K3,K3,K3,K3,K3,K3,K3,K3,K3,K3,K3,K3,H7,H7,H7,H7,H7,K6,K6,K6,K6,K6,K6,K6,Y7,Y7,Y7,S4,S4,X9,X9,X9,X9,X9,R13,R13,R13,R13,R13,R13,R13,Q9,Q9,Q9,H16,H16,H16,H16,H16,H16,H16,H16,H16,X13,A11,X13,X13,X13,X13,X13,X13,X13,B11,B11,S9,S9,S9,S9,S9,S9,S9,I16,I16,I16,I16,I16,I16,I16,E14,E14,E14,J13,M12,M12,M12,M12,M12,M12,M12,Y17,Y17,Y17,Y17,Y17,Y17,Y17,Y17,Y17,Y17,Y17,Y17,Y17,K19,A17,A17,A17,A17,A17,A17,A17,A17,A17,A17,I21,I21,I21,I21,I21,A22,A22,X25,X25,Z23,X25,X25,Z23,Z23,Z23,Z23,Z23
H1,W1,H1,W1,W1,W1,W1,G2,Y2,K3,K3,K3,K3,K3,K3,K3,K3,K3,K3,K3,K3,K3,H7,H7,H7,H7,H7,K6,K6,K6,R7,R7,R7,R7,Y7,Y7,Y7,Y7,X9,X9,X9,I9,X9,X9,R13,R13,R13,R13,R13,R13,Q9,Q9,Q9,Q9,H16,H16,H16,H16,H16,H16,H16,H16,H16,H16,X13,X13,X13,X13,X13,X13,X13,B12,I14,B11,S9,S9,S9,S9,S9,S9,S9,I16,I16,I16,I16,I16,I16,I16,E14,E14,E14,E14,E14,M12,M12,M12,M12,M12,Y17,E16,Y17,Y17,Y17,Y17,Y17,Y17,Y17,Y17,Y17,Y17,Y17,A17,A17,A17,A17,A17,A17,A17,A17,A17,A17,A17,A17,H23,I21,I21,I21,I21,I21,A22,A22,X25,X25,X25,X25,Z23,N18,N18,Z23,Z23
H1,H1,H1,H1,H1,W1,W1,G2,Y2,K3,K3,K3,K3,K3,K3,K3,K3,K3,K3,K3,K3,K3,H7,H7,H7,H7,H7,B3,B3,K6,K6,Y7,Y7,R7,Y7,Y7,Y7,Y7,Y7,X9,Z10,R13,R13,R13,R13,R13,R13,R13,R13,R13,Q9,Q9,Q9,Q9,H16,Q9,Q9,H16,H16,H16,H16,H16,H16,H16,H16,X13,X13,X13,X13,X13,X13,I14,I14,B11,I14,S9,S9,S9,S9,S9,S9,I16,I16,I16,I16,I16,E14,E14,E14,E14,E14,E14,E14,W19,W19,W19,M12,W20,Y17,Y17,Y17,Y17,Y17,Y17,Y17,Y17,Y17,Y17,Y17,Y17,Y17,Y17,Y17,Y17,A17,A17,A17,A17,A17,A17,A17,A17,H23,H23,H23,H23,I21,I21,H23,A22,A22,A22,A22,A22,A22,A22,A22,N18,N18,N18
H1,H1,H1,H1,H1,W1,W1,W1,H4,K3,K3,K3,K3,K3,K3,K3,K3,K3,K3,K3,K3,K3,H7,H7,H7,H7,B3,B3,B3,B3,Y7,Y7,Y7,Y7,Y7,Y7,Y7,Y7,R13,R13,R13,R13,R13,R13,R13,R13,R13,R13,Q9,Q9,Q9,Q9,Q9,Q9,Q9,Q9,Q9,H16,H16,H16,H16,H16,H16,H16,H16,X13,H16,X13,X13,X13,I14,I14,E13,I14,I14,S9,S9,S9,S9,S9,S9,S9,I16,I16,I16,I16,I16,E14,E14,E14,E14,E14,E14,W19,W19,W19,M12,Y17,Y17,Y17,Y17,Y17,Y17,Y17,Y17,Y17,Y17,Y17,Y17,Y17,Y17,Y17,Y17,Y17,A17,A17,A17,A17,A17,A17,A17,H23,H23,H23,H23,H23,H23,H23,H23,A22,A22,A22,A22,A22,A22,A22,A22,A22,N18,N18
H1,H1,H1,H1,H1,H1,H1,H1,K3,K3,K3,K3,K3,K3,K3,K3,K3,K3,K3,K3,K3,K3,K3,H7,H7,H7,H7,H7,Y7,Y7,Y7,Y7,Y7,Y7,Y7,Y7,Y7,Y7,R13,R13,R13,R13,R13,R13,R13,R13,R13,R13,Q9,Q9,Q9,Q9,Q9,Q9,Q9,Q9,H16,H16,H16,H16,H16,H16,H16,H16,H16,H16,H16,H16,H16,X13,X13,I14,I14,I14,I14,I14,S9,S9,S9,S9,S9,I16,I16,I16,I16,I16,I16,E14,E14,E14,E14,E14,E14,W19,W19,W19,M12,Y17,Y17,Y17,Y17,Y17,Y17,Y17,Y17,Y17,Y17,Y17,Y17,Y17,Y17,Y17,Y17,Y17,A17,A17,A17,H23,H23,A17,H23,H23,H23,H23,H23,H23,H23,H23,H23,A22,A22,A22,A22,A22,A22,A22,A22,A22,A22,N18
H1,H1,H1,H1,H1,H1,C3,C3,K3,K3,K3,K3,K3,K3,K3,K3,K3,K3,K3,K3,K3,K3,K3,H7,H7,H7,H7,O6,O6,Y7,Y7,Y7,Y7,Y7,Y7,Y7,Y7,Y7,Y7,R13,R13,R13,R13,R13,R13,R13,R13,R13,Q9,Q9,Q9,Q9,Q9,Q9,Q9,Q9,Q9,Q9,H16,H16,H16,H16,H16,H16,H16,H16,H16,H16,V12,V12,I14,I14,I14,I14,I14,I14,S9,S9,S9,S9,I16,I16,I16,I16,T12,I16,I16,E14,E14,E14,E14,E14,Q18,Q18,W19,W19,H21,H21,Q19,Q19,Y17,Y17,Y17,Y17,Y17,Y17,Y17,Y17,Y17,Y17,Y17,Y17,Y17,Y17,Y17,A17,A17,H23,H23,H23,H23,H23,H23,H23,H23,H23,H23,H23,H23,A22,A22,A22,A22,A22,A22,A22,A22,A22,N18,N18
H1,H1,H1,H1,H1,H1,C3,C3,K3,K3,K3,K3,K3,K3,K3,H6,K3,K3,K3,K3,K3,K3,K3,K3,K3,K3,K3,K3,K3,K3,K3,Y7,Y7,Y7,Y7,Y7,Y7,Y7,Y7,Y7,R13,R13,R13,R13,R13,R13,R13,R13,Q9,Q9,Q9,Q9,Q9,Q9,Q9,Q9,Q9,Q9,H16,H16,H16,H16,H16,H16,H16,H16,H16,V12,V12,V12,I14,I14,I14,I14,I14,S9,S9,S9,S9,S9,S9,I16,I16,I16,T12,D19,I16,I16,E14,E14,E14,Q18,Q18,Q18,H21,H21,H21,H21,Q19,Q19,Q19,Q19,Y17,Y17,Y17,Y17,H21,H21,Y17,H21,H21,E20,Y17,Y17,Y17,A17,H23,H23,H23,H23,H23,H23,H23,H23,H23,H23,H23,H23,H23,A22,A22,A22,A22,A22,A22,A22,A22,A22,A22,N18
H1,H1,H1,H1,M1,C3,C3,C3,K3,K3,K3,K3,K3,K3,K3,H6,H6,L5,L5,L5,A5,H10,K3,K3,K3,K3,K3,K3,K3,K3,K3,Y7,Y7,Y7,Y7,R9,Y7,Y7,Y7,Y7,R13,R13,R13,R13,R13,R13,R13,R13,Q9,Q9,Q9,Q9,Q9,Q9,N8,N8,Q9,Q9,H16,H16,H16,H16,H16,H16,H16,H16,H16,V12,V12,I14,I14,I14,I14,S9,S9,S9,S9,S9,S9,S9,S9,S9,I16,T12,T12,E14,I16,E14,E14,E14,E14,Q18,Q18,Q18,H21,H21,H21,H21,H21,H21,H21,Q19,Y17,H21,Y17,H21,H21,H21,H21,H21,H21,E20,E20,Y17,Y17,A17,H23,H23,H23,H23,H23,H23,H23,H23,H23,H23,H23,H23,H23,Q30,A22,H23,A22,A22,A22,A22,A22,A22,A22,N18
H1,H1,H1,H1,M1,C3,C3,C3,K3,K3,K3,K3,K3,K3,K3,L5,L5,L5,L5,L5,L5,H10,K3,K3,K3,K3,K3,K3,K3,K3,K3,Y7,Y7,Y7,R9,R9,Y7,Y7,Y7,Y7,Y7,Y7,R13,R13,T6,T6,R13,R13,R13,Q9,Q9,Q9,S6,E9,S6,N8,N8,Q9,Q9,H16,H16,H16,H16,F8,H16,H16,F8,F8,F8,I14,I14,I14,I14,S9,S9,S9,S9,S9,S9,S9,S9,S9,I16,T12,E14,E14,E14,E14,R18,Q18,Q18,Q18,Q18,Q18,Q18,H21,H21,H21,H21,H21,H21,H21,H21,H21,H21,H21,H21,H21,H21,H21,H21,E20,Y17,Y17,E20,H23,H23,H23,H23,H23,H23,H23,H23,H23,H23,H23,H23,H23,H23,H23,H23,H23,A22,A22,A22,A22,A22,A22,A22,A22
H1,M1,M1,M1,M1,W3,W3,C3,K3,K3,K3,K3,K3,K3,K3,L5,L5,L5,L5,L5,L5,O4,K3,K3,K3,K3,K3,K3,K3,K3,K3,Y7,Q6,R9,R9,R9,Y7,R9,Y7,Y7,Y7,Y7,Y7,Y7,T6,T6,T6,T6,T6,T6,T6,T6,S6,E9,S6,S6,S6,S6,H16,H16,H16,H16,F8,F8,F8,F8,F8,F8,F8,F8,F8,I14,I14,S9,S9,S9,S9,S9,S9,S9,T12,T12,T12,T12,T12,T12,E14,E14,R18,R18,Q18,Q18,Q18,Q18,Q18,H21,H21,H21,H21,H21,H21,D21,D21,D21,H21,H21,H21,H21,H21,H21,H21,E20,E20,E20,E20,H23,M15,H23,H23,H23,H23,H23,H23,H23,H23,H23,H23,H23,H23,H23,H23,H23,Q27,A22,A22,A22,A22,H25,A22,A22
M1,M1,M1,M1,M1,M1,W3,W3,K3,K3,K3,K3,K3,K3,K3,C2,C2,L5,L5,L5,L5,O4,K3,K3,K3,K3,K3,K3,K3,K3,K3,K3,R9,R9,R9,R9,R9,R9,R9,R9,R9,R9,Y7,T6,T6,T6,T6,T6,T6,T6,T6,S6,S6,S6,S6,S6,S6,S6,S6,H16,H16,F8,F8,F8,F8,F8,F8,F8,F8,F8,F8,F8,I14,F8,S9,S9,S9,S9,S9,S9,S9,T12,J11,J11,T12,T12,R18,R18,R18,R18,Q18,Q18,Q18,Q18,Q18,K16,H21,H21,H21,H21,H21,D21,D21,H21,H21,H21,H21,H21,H21,H21,H21,E20,E20,E20,H23,H23,M15,H23,H23,H23,H23,H23,H23,H23,H23,H23,H23,H23,H23,H23,H23,H23,Q27,Q27,A22,H25,H25,H25,H25,H25
M1,M1,M1,M1,M1,M1,M1,C2,K3,K3,K3,K3,K3,K3,K3,C2,C2,D4,L5,U5,U5,O4,K3,K3,K3,K3,K3,K3,K3,K3,K3,K3,K3,R9,R9,R9,R9,R9,R9,R9,R9,R9,R9,T6,T6,T6,T6,T6,T6,T6,T6,T6,S6,S6,S6,S6,S6,S6,S6,H16,H16,F8,F8,F8,F8,F8,F8,F8,F8,F8,F8,F8,T10,F8,F8,F8,S9,S9,S9,S9,T12,T12,J11,J11,T12,T12,T12,R18,Q18,Q18,Q18,Q18,Q18,H21,H21,H21,H21,H21,H21,H21,H21,D21,H21,H21,H21,H21,H21,H21,H21,H21,H21,H21,M15,M15,M15,M15,M15,M15,H23,H23,H23,H23,H23,H23,H23,H23,H23,H23,H23,H23,H23,Q27,Q27,G21,Q27,Q27,Q27,H25,H25,H25
M1,M1,M1,M1,M1,C2,C2,C2,K3,K3,K3,K3,K3,K3,K3,C2,C2,U5,U5,U5,U5,O4,K3,K3,K3,K3,K3,K3,K3,K3,K3,K3,K3,K3,R9,R9,R9,R9,R9,R9,R9,R9,R9,R9,T6,T6,T6,T6,T6,T6,T6,T6,S6,S6,S6,S6,S6,S6,S6,S6,H16,F8,F8,F8,F8,F8,F8,F8,F8,F8,F8,F8,F8,F8,F8,F8,F8,S9,F8,F8,R18,T12,T12,T12,T12,T12,T12,R18,R18,R18,R18,P10,Q18,H21,H21,H21,H21,H21,H21,H21,H21,H21,H21,H21,H21,H21,H21,H21,H21,H21,H21,M15,M15,M15,M15,M15,M15,M15,M15,H23,H23,H23,H23,H23,H23,H23,H23,H23,H23,H23,Q27,Q27,Q27,G21,Q27,Q27,Q27,H25,H25,H25
M1,M1,M1,M1,M1,C2,C2,C2,C2,C2,C2,C2,C2,C2,C2,C2,C2,U5,U5,U5,U5,O4,K3,K3,K3,K3,K3,K3,K3,K3,K3,K3,K3,R9,R9,R9,R9,R9,R9,R9,R9,R9,R9,R9,T6,R9,R9,R9,R9,R9,R9,R9,S6,S6,S6,S6,S6,S6,S6,S6,H16,F8,F8,F8,F8,F8,F8,F8,F8,F8,F8,F8,F8,F8,F8,F8,F8,F8,F8,R18,R18,R18,R18,R18,R18,R18,R18,R18,R18,P10,P10,P10,P10,H21,H21,H21,H21,H21,H21,H21,H21,H21,H21,H21,Q22,H21,H21,H21,H21,H21,H21,H21,M15,M15,M15,M15,M15,M15,M15,M15,H23,H23,H23,H23,H23,H23,Q27,H23,Q27,Q27,Q27,Q27,Q27,G21,Q27,Q27,Q27,Q27,H25,H25
M1,M1,M1,M1,M1,C2,C2,C2,C2,C2,C2,C2,C2,C2,C2,U5,U5,U5,U5,U5,U5,U5,K3,K3,K3,K3,K3,K3,K3,K3,K3,K3,K3,K3,R9,R9,R9,R9,R9,R9,R9,R9,R9,R9,R9,R9,R9,R9,R9,R9,R9,L12,S6,S6,S6,S6,S6,S6,S6,S6,S6,S6,F8,F8,F8,F8,F8,F8,F8,F8,F8,F8,F8,F8,F8,F8,F8,F8,F8,F8,R18,R18,R18,R18,R18,R18,R18,P10,P10,P10,P10,P10,P10,P10,P10,P10,H21,H21,H21,H21,H21,H21,H21,H21,H21,H21,H21,H21,H21,H21,H21,H21,H21,H21,M15,M15,M15,M15,M15,M15,M15,H23,H23,H23,H23,Q27,Q27,Q27,Q27,Q27,Q27,Q27,Q27,Q27,Q27,Q27,Q27,Q27,Q27,Q27
M1,M1,M1,M1,M1,C2,C2,C2,C2,C2,C2,C2,C2,C2,C2,C2,D3,U5,U5,U5,U5,U5,U5,U5,U5,U5,U5,K3,K3,K3,K3,K3,K3,K3,R9,R9,R9,R9,R9,R9,R9,R9,R9,R9,R9,D9,D9,R9,R9,R9,R9,R9,S6,S6,S6,S6,S6,S6,S6,S6,S6,S6,F8,F8,F8,F8,F8,F8,F8,F8,F8,F8,F8,F8,F8,F8,F8,F8,F8,F8,R18,R18,R18,R18,R18,R18,P10,P10,P10,P10,P10,P10,P10,P10,P10,H21,H21,H21,H21,H21,H21,H21,H21,H21,J15,J15,Z20,H21,H21,H21,H21,F16,H21,M15,M15,M15,M15,M15,M15,M15,M15,M15,H23,H23,H23,H23,Q27,Q27,Q27,Q27,Q27,Q27,Q27,Q27,Q27,Q27,Q27,Q27,Q27,Q27
M1,M1,M1,M1,C2,C2,C2,C2,C2,C2,V3,C2,C2,C2,C2,C2,U5,U5,U5,U5,U5,U5,U5,U5,U5,U5,U5,K3,J4,J4,K3,K3,K3,K3,R9,R9,R9,R9,R9,R9,R9,R9,R9,R9,R9,D9,R9,R9,R9,R9,F7,S6,S6,S6,S6,S6,S6,S6,S6,S6,W13,F8,F8,F8,F8,F8,F8,F8,F8,F8,F8,F8,F8,F8,F8,F8,F8,F8,F8,R18,R18,R18,M11,R18,R18,R18,R18,R18,P10,P10,P10,P10,P10,P10,P10,H21,H21,H21,H21,H21,H21,H21,H21,H21,J15,J15,J15,H21,H21,H21,H21,F16,M15,M15,M15,P15,M15,M15,M15,M15,M15,M15,M15,H23,H23,Q27,Q27,Q27,Q27,Q27,Q27,Q27,Q27,Q27,Q27,Q27,Q27,Q27,Q27,Q27
M1,M1,M1,M1,V3,V3,V3,V3,V3,V3,V3,C2,C2,C2,C2,U5,U5,U5,U5,U5,U5,U5,U5,U5,R5,U5,U5,K3,K3,K3,K3,K3,K3,K3,K3,R9,R9,R9,R9,R9,R9,G7,G7,R9,R9,D9,D9,R9,R9,R9,F7,F7,S6,S6,S6,S6,S6,S6,S6,S6,S6,J9,F8,F8,F8,F8,F8,F8,F8,F8,F8,F8,F8,F8,F8,F8,F8,F8,F8,M11,M11,M11,M11,R18,R18,R18,P10,P10,P10,P10,P10,P10,P10,P10,P10,P10,H21,H21,H21,H21,H21,H21,H21,H21,F15,J15,J15,H21,J15,J15,J15,F16,F16,M15,M15,M15,M15,M15,M15,M15,M15,M15,M15,H23,Q27,Q27,O19,Q27,Q27,Q27,Q27,Q27,Q27,Q27,Q27,Q27,Q27,Q27,Q27,Q27
M1,M1,L1,M1,M1,V3,V3,V3,V3,V3,V3,V3,C2,C2,C2,U5,U5,U5,U5,U5,U5,U5,U5,U5,U5,K3,K3,K3,K3,K3,K3,K3,K3,K3,K3,R9,R9,R9,R9,R9,R9,R9,R9,R9,R9,R9,D9,D9,F7,F7,F7,F7,S6,S6,S6,S6,S6,S6,S6,S6,F8,F8,F8,F8,F8,F8,F8,F8,F8,F8,F8,F8,F8,F8,F8,F8,F8,F8,M11,M11,M11,M11,M11,R18,R18,R18,P10,P10,P10,P10,P10,P10,P10,P10,P10,P10,H21,H21,H21,H21,H21,H21,H21,H21,H21,J15,J15,J15,J15,J15,J15,J15,J15,Y19,M15,M15,M15,M15,M15,M15,M15,M15,H23,H23,S20,Q27,Q27,Q27,Q27,Q27,Q27,Q27,Q27,Q27,Q27,Q27,Q27,Q27,Q27,Q27
L1,L1,L1,M1,L1,L1,V3,V3,V3,V3,V3,V3,V3,V3,V3,V3,U5,U5,U5,U5,U5,U5,U5,U5,K3,K3,K3,K3,K3,K3,K3,K3,K3,K3,K3,O8,O8,R9,R9,R9,R9,R9,R9,D9,D9,D9,D9,D9,F7,F7,F7,F7,S6,S6,S6,S6,S6,S6,S6,W12,W12,W12,F8,F8,F8,F8,F8,F8,F8,F8,F8,F8,F8,F8,F8,F8,F8,F8,M11,M11,M11,M11,M11,M11,M11,M11,F11,P10,P10,P10,P10,P10,P10,P10,P10,P10,H21,H21,H21,H21,H21,H21,H21,H21,H21,J15,J15,J15,J15,J15,J15,J15,J15,J15,M15,M15,M15,M15,M15,M15,M15,M15,M15,M15,S20,S20,S20,Q27,Q27,Q27,Q27,Q27,Q27,Q27,Q27,Q27,Q27,Q27,Q27,Q27
L1,L1,L1,L1,L1,L1,L1,V3,V3,V3,V3,V3,V3,V3,V3,V3,V3,V3,V3,U5,U5,U5,U5,K3,K3,K3,K3,K3,K3,K3,K3,K3,K3,K3,O8,O8,R9,R9,R9,D9,R9,R9,D9,D9,D9,D9,D9,D9,D9,F7,F7,F7,F7,F7,S6,S6,S6,S6,S6,F8,F8,F8,F8,F8,F8,F8,F8,F8,F8,F8,T9,F8,F8,F8,F8,F8,F8,F8,F8,M11,M11,M11,M11,M11,M11,M11,F11,P10,P10,P10,P10,P10,P10,P10,X20,H21,H21,H21,H21,H21,H21,H21,H21,H21,J15,J15,J15,J15,J15,J15,J15,J15,J15,J15,M15,M15,M15,M15,M15,M15,M15,M15,M15,M15,S20,S20,S20,S20,U22,Q27,Q27,Q27,Q27,Q27,Q27,Q27,Q27,Q27,Q27,Q27
L1,L1,L1,L1,L1,L1,L1,V3,V3,V3,V3,V3,V3,V3,V3,K3,K3,V3,V3,U5,K3,U5,U5,K3,K3,K3,K3,K3,K3,K3,K3,K3,K3,K3,O8,O8,R9,R9,D9,D9,R9,D9,D9,T5,D9,D9,D9,D9,F7,F7,F7,F7,F7,F7,F7,F7,S6,S6,S6,D14,D14,D14,D14,D14,D14,F8,F8,F8,F8,O12,O12,O12,F8,F8,F8,F8,M11,M11,M11,M11,M11,M11,M11,M11,M11,M11,M11,P10,D16,D16,D16,P10,P10,P10,P10,D16,H21,D16,D16,H21,H21,H21,H21,H21,J15,J15,J15,J15,J15,J15,J15,J15,J15,J15,J15,M15,M15,M15,M15,M15,T18,M15,M15,T18,S20,S20,S20,S20,U22,U22,U22,U22,Q27,Q27,Q27,Y21,Q27,Q27,Q27,Q27
L1,L1,L1,L1,L1,L1,L1,V3,V3,V3,V3,V3,V3,V3,V3,K3,K3,K3,K3,K3,K3,U5,K3,K3,K3,K3,K3,K3,K3,K3,K3,K3,K3,K3,O8,O8,O8,D9,D9,D9,D9,D9,D9,T5,T5,T5,D9,F7,F7,F7,F7,F7,F7,F7,F7,F7,F7,S6,S6,D14,D14,D14,D14,D14,D14,D14,D14,O12,O12,O12,O12,O12,O12,F8,F8,F8,M11,M11,M11,M11,M11,M11,M11,M11,M11,D16,D16,P10,D16,D16,D16,P10,P10,P10,P10,D16,D16,D16,D16,H21,H21,H21,H21,H21,J15,J15,J15,J15,J15,J15,J15,J15,J15,J15,J15,J15,M15,M15,M15,T18,T18,T18,T18,T18,S20,T18,T18,T18,U22,U22,U22,Q27,Q27,Q27,U22,U22,U22,U22,U22,U22
L1,L1,L1,L1,L1,L1,L1,L1,V3,V3,V3,V3,V3,V3,V3,K3,K3,K3,K3,K3,K3,K3,K3,K3,K3,K3,K3,K3,K3,K3,M3,M3,T4,K3,D9,D9,D9,D9,D9,D9,D9,D9,T5,T5,T5,T5,T5,S5,F7,F7,F7,F7,F7,F7,F7,F7,F7,S6,S6,F7,L14,L14,L14,L14,L14,D14,D14,O12,O12,O12,O12,O12,F8,F8,F8,F8,M11,M11,M11,M11,M11,M11,M11,M11,M11,D16,D16,D16,D16,D16,D16,D16,P10,D16,D16,D16,D16,D16,D16,D16,D16,H21,J15,J15,J15,J15,J15,J15,J15,J15,J15,J15,J15,J15,J15,J15,J15,M15,T18,T18,T18,T18,T18,T18,T18,T18,M18,T18,U22,U22,U22,U22,U22,U22,U22,U22,U22,U22,U22,U22
L1,L1,L1,L1,L1,V3,V3,V3,V3,V3,V3,V3,V3,V3,V3,K3,K3,K3,K3,K3,K3,K3,K3,K3,K3,K3,K3,K3,K3,K3,M3,M3,T4,T4,D9,D9,D9,D9,D9,D9,D9,D9,B5,T5,T5,T5,T5,T5,F7,F7,F7,F7,F7,F7,F7,F7,F7,F7,F7,F7,L14,L14,L14,L14,A10,D14,O12,O12,O12,O12,O12,O12,O12,O12,L15,F8,M11,M11,M11,M11,M11,M11,M11,M11,M11,M11,D16,D16,D16,D16,D16,D16,D16,D16,D16,D16,D16,D16,D16,D16,D16,B14,B14,J15,J15,J15,J15,J15,J15,J15,J15,J15,J15,J15,J15,J15,A19,T18,T18,T18,T18,T18,T18,T18,T18,T18,T18,T18,T18,T18,U22,U22,U22,U22,U22,U22,U22,U22,U22,U22
L1,L1,L1,L1,V3,V3,V3,V3,V3,V3,V3,V3,V3,K3,K3,K3,K3,K3,K3,K3,K3,K3,K3,K3,K3,K3,K3,K3,K3,K3,M3,M3,M3,M3,D9,D9,D9,D9,D9,B5,X11,B5,B5,B5,B5,T5,T5,A9,F7,F7,F7,F7,F7,F7,F7,F7,F7,F7,F7,L14,L14,L14,L14,A10,A10,D14,D14,O12,O12,O12,O12,O12,O12,O12,L15,L15,M11,M11,M11,M11,M11,M11,M11,M11,M11,M11,M11,D16,D16,D16,D16,D16,D16,D16,D16,D16,D16,D16,D16,D16,B14,B14,B14,B14,J15,J15,J15,J15,J15,J15,J15,L23,L23,L23,L23,E22,T18,T18,T18,T18,T18,T18,T18,T18,T18,T18,T18,T18,T18,T18,U22,U22,U22,U22,U22,U22,U22,U22,Y22,Y22
L1,L1,Q1,L1,L1,V3,V3,V3,V3,V3,V3,V3,K3,K3,V3,K3,K3,K3,K3,K3,Z7,K3,K3,K3,K3,K3,K3,K3,K3,K3,M3,M3,M3,M3,M3,M3,M3,M3,D9,B5,B5,B5,B5,B5,B5,A9,A9,A9,B5,B5,B5,B5,F7,F7,F7,F7,F7,F7,F7,F7,A10,A10,L14,A10,A10,A10,A10,O12,O12,O12,O12,O12,O12,O12,L15,L15,M11,L15,M11,M11,M11,M11,M11,M11,M11,M11,M11,M11,M11,M11,D16,D16,D16,D16,D16,D16,D16,D16,B14,B14,B14,B14,B14,B14,B14,B14,J15,J15,J15,J15,L23,L23,L23,L23,L23,E22,E22,E22,T18,T18,T18,T18,T18,T18,T18,T18,T18,T18,N16,U22,U22,U22,U22,U22,U22,U22,U22,U22,Y22,P18
D1,D1,L1,L1,V3,V3,V3,V3,V3,V3,V3,V3,V3,V3,V3,K3,K3,K3,H8,H8,V6,K3,K3,K3,K3,K3,K3,K3,K3,K3,K3,M3,M3,M3,M3,M3,M3,M3,B5,B5,B5,B5,B5,B5,B5,B5,B5,B5,B5,B5,B5,B5,B5,F7,F7,F7,F7,F7,F7,F7,M10,A10,A10,A10,A10,A10,K11,K11,V13,O12,O12,O12,O12,O12,L15,L15,L15,L15,M11,M11,S13,M11,M11,M11,M11,M11,M11,D16,M11,D16,D16,D16,D16,D16,D16,D16,D16,D16,B14,B14,B14,B14,B14,B14,U17,U17,J15,J15,J15,J15,J15,J15,J15,L23,L23,L23,L23,L23,T18,T18,T18,T18,T18,T18,T18,T18,T18,T18,N16,V23,U22,U22,U22,U22,U22,U22,U22,U22,Y22,Y22
D1,D1,L1,L1,L1,L1,V3,V3,V3,V3,V3,V3,V3,V3,V3,K3,K3,K3,H8,V6,V6,I7,K3,K3,K3,K3,K3,K3,K3,K3,M3,M3,M3,M3,M3,M3,M3,M3,X10,B5,B5,B5,B5,B5,B5,V8,V8,B5,B5,B5,B5,B5,B5,F7,F7,F7,F7,F7,F7,F7,M10,M10,A10,A10,A10,K11,K11,G8,K11,K11,K11,O12,K11,S10,L15,L15,L15,L15,M11,S13,S13,M11,D16,D16,M11,M11,M11,D16,D16,D16,F13,F13,D16,D16,D16,D16,D16,B14,B14,B14,B14,B14,B14,B14,U17,U17,B14,J15,J15,J15,J15,J15,L23,L23,L23,T18,T18,T18,T18,T18,T18,T18,T18,T18,T18,T18,T18,N16,N16,V23,U22,U22,V23,U22,U22,U22,B17,Y22,Y22,Y22
L1,L1,L1,L1,L1,L1,L1,V3,V3,V3,V3,V3,V3,V3,V3,K3,K3,K3,K3,K3,V6,V6,V6,K3,K3,V6,V6,K3,K3,M3,M3,M3,M3,M3,M3,M3,M3,X10,X10,X10,X10,X10,B5,V8,V8,V8,W10,M7,B5,B5,B5,B5,B5,B5,Y11,Y11,F7,Y11,F7,D13,A10,A10,A10,A10,K11,K11,K11,K11,K11,K11,K11,O12,K11,L15,L15,L15,L15,L15,L15,L15,L15,D16,D16,D16,D16,D16,M11,D16,D16,D16,F13,F13,D16,D16,D16,B14,B14,B14,B14,B14,B14,B14,B14,B14,U17,U17,B14,J15,J15,J15,J15,J15,J15,J15,Q23,T18,T18,T18,T18,T18,T18,T18,T18,T18,T18,T18,T18,T18,V23,V23,V23,V23,V23,V23,U22,U22,B17,B17,Y22,Y22
L1,L1,L1,L1,L1,L1,L1,L1,L1,V3,V3,K3,K3,V3,K3,K3,K3,K3,K3,K3,V6,V6,V6,V6,V6,V6,J3,J3,J3,J3,L10,C7,C7,M3,M3,M3,M3,M3,X10,X10,X10,X10,B5,B5,W10,W10,W10,M7,B5,B5,B5,B5,B5,B5,B5,Y11,Y11,Y11,D13,D13,B5,B5,K11,K11,K11,K11,K11,K11,K11,K11,K11,K11,K11,L15,L15,L15,L15,L15,L15,L15,L15,D16,D16,D16,D16,D16,D16,D16,F13,F13,F13,F13,F13,D16,D16,F13,G12,B14,B14,B14,B14,B14,B14,B14,U17,U17,B14,B14,B14,B14,Q23,Q23,Q23,J15,Q23,T18,T18,T18,T18,T18,T18,W23,T18,T18,T18,V23,T18,V23,V23,V23,V23,V23,B17,B17,B17,B17,B17,Y22,Y22,B17
L1,L1,L1,L1,L1,L1,L1,L1,V3,V3,K3,K3,K3,K3,K3,K3,V6,V6,V6,V6,V6,V6,V6,V6,L9,L9,J3,J3,J3,J3,L10,L10,C7,C7,C7,C7,M3,M3,X10,X10,W10,W10,B5,W10,W10,W10,W10,M7,B5,B5,B5,B5,B5,B5,B5,Y11,B5,Y11,D13,B5,B5,B5,B5,K11,K11,K11,K11,K11,K11,K11,K11,K11,K11,L15,L15,L15,L15,L15,L15,L15,D16,D16,D16,D16,D16,D16,D16,F13,F13,F13,F13,T15,F13,F13,F13,F13,G12,B14,B14,B14,B14,B14,B14,B14,B14,B14,B14,B14,B14,Q23,Q23,Q23,Q23,Q23,Q23,Q23,Q23,T18,T18,T18,T18,W23,T18,T18,V23,V23,V23,V23,V23,V23,V23,V23,B17,B17,B17,B17,B17,Y22,B17,B17
L1,L1,L1,L1,L1,L1,L1,L1,V3,V3,K3,K3,X3,W5,W5,V6,V6,V6,V6,V6,V6,V6,V6,V6,L9,L9,J3,J3,J3,J3,L10,L10,L10,C7,C7,C7,C7,M3,W10,W10,W10,W10,W10,W10,W10,W10,W10,B5,B5,B5,B5,B5,B5,B5,B5,B5,B5,Y11,D13,B5,B5,B5,K11,K11,K11,K11,K11,K11,G9,N10,K11,L15,L15,L15,L15,L15,L15,L15,L15,L15,L15,L15,D16,D16,D16,D16,D16,F13,F13,F13,F13,F13,F13,F13,F13,F13,F13,B14,B14,B14,B14,B14,B14,B14,B14,B14,B14,B14,B14,B14,Q23,U18,U18,Q23,Q23,T18,T18,T18,T18,T18,T18,W23,T18,V23,V23,V23,V23,V23,V23,V23,V23,V23,B17,B17,B17,B17,Y22,Y22,B17,B17
L1,L1,L1,L1,L1,L1,L1,L1,V3,V3,V3,W5,W5,W5,W5,W5,V6,V6,V6,V6,V6,V6,N4,L9,L9,L9,J3,J3,J3,J3,L10,L10,C7,C7,L10,L10,L10,W10,W10,W10,W10,W10,W10,W10,W10,W10,B5,B5,M8,B5,B5,B5,B5,B5,B5,B5,B5,Y11,B5,B5,B5,B5,K11,K11,K11,K11,K11,K11,G9,G9,L15,L15,L15,L15,L15,L15,L15,L15,L15,L15,L15,L15,L15,D16,D16,D16,D16,D16,F13,F13,F13,F13,F13,F13,F13,F13,F13,Z19,Z19,B14,B14,B14,B14,K18,B14,B14,B14,B14,B14,B14,Q23,U18,U18,U18,U18,U18,U18,T18,T18,T18,T18,T18,T18,V23,V23,V23,V23,V23,V23,V23,V23,V23,B17,B17,B17,B17,B17,B17,B17,B17
L1,L1,L1,L1,L1,L1,L1,L1,L1,L1,L1,W5,W5,W5,W5,W5,F2,F2,V6,V6,V6,V6,V6,L9,L9,L9,J3,J3,J3,J3,L10,L10,L10,L10,L10,L10,L10,W10,W10,W10,W10,W10,W10,W10,B5,B5,B5,B5,B5,B5,B5,B5,B5,B5,B5,B5,B5,B5,B5,B5,B5,B5,K11,K11,K11,K11,K11,K11,K11,G9,G9,L15,L15,L15,L15,L15,L15,L15,L15,L15,L15,L15,L15,L15,L15,D16,D16,D16,F13,F13,F13,F13,F13,F13,F13,F13,F13,F13,Z19,Z19,B14,B14,B14,B14,B14,B14,B14,B14,B14,U18,U18,U18,U18,U18,U18,U18,U18,T18,T18,T18,T18,V23,V23,V23,V23,V23,V23,V23,V23,V23,B17,B17,B17,B17,B17,P17,P17,B17,B17,B17
L1,L1,L1,L1,L1,L1,L1,L1,L1,L1,L1,W5,W5,W5,W5,W5,W5,V6,V6,V6,V6,V6,V6,J3,J3,J3,J3,J3,J3,J3,J3,L10,L10,L10,L10,L10,L10,W10,W10,W10,W10,W10,W10,W10,B5,B5,B5,B5,B5,B5,B5,B5,B5,B5,B5,B5,B5,M9,B5,B5,B5,B5,K11,K11,K11,K11,K11,K11,G9,G9,G9,L15,L15,G9,G9,G9,G9,L15,L15,L15,L15,L15,L15,L15,L15,D16,Q15,Q15,Q15,F13,F13,F13,F13,F13,F13,F13,F13,F13,Z19,Z19,Z19,B14,B14,B14,B14,B14,B14,B14,U18,U18,G15,U18,U18,U18,U18,U18,U18,U18,P16,P16,T18,V23,V23,V23,V23,V23,V23,V23,V23,P17,P17,P17,P17,P17,P17,P17,P17,P17,B17,B17
L1,L1,L1,L1,L1,L1,L1,L1,U2,U2,U2,W5,W5,W5,W5,W5,W5,E3,V6,Q4,V6,V6,L8,J3,J3,J3,J3,J3,J3,J3,J3,L10,L10,L10,L10,L10,L10,L10,W10,W10,W10,W10,W10,W10,B5,B5,B5,B5,B5,B5,B5,B5,B5,B5,B5,B5,B5,M9,M9,M9,B5,B5,K11,K11,K11,K11,K11,K11,G9,G9,G9,G9,G9,G9,G9,G9,L15,L15,L15,L15,L15,L15,L15,L15,Q15,Q15,Q15,Q15,Q15,Q15,Q15,Q15,F13,F13,F13,F13,O15,O15,Z19,Z19,Z19,Z19,Z19,B14,B14,B14,B14,B14,B14,B14,U18,U18,U18,U18,U18,U18,U18,U18,P16,Q26,V23,V23,V23,V23,Q26,V23,V23,V23,V23,V23,V23,P17,P17,P17,P17,B17,B17,B17,B17,B17
L1,L1,L1,L1,L1,L1,L1,L1,L1,L1,U2,U2,W5,W5,W5,W5,W5,W5,W5,W5,V6,L8,L8,J3,J3,J3,J3,J3,J3,J3,J3,L10,L10,L10,L10,L10,L10,Y8,W10,W10,W10,W10,W10,W10,W10,W10,B5,B5,B5,B5,B5,B5,B5,B5,B5,B5,M9,M9,M9,M9,M9,B5,K11,K11,K11,K11,K11,K11,K11,K11,G9,G9,G9,G9,G9,G9,G9,L15,L15,L15,L15,L15,L15,L15,Q15,Q15,Q15,Q15,Q15,W18,Q15,Q15,F13,F13,F13,O15,O15,O15,Z19,Z19,Z19,Z19,Z19,B14,B14,B14,B14,B14,B14,U18,U18,U18,U18,U18,U18,U18,U18,U18,U18,Q26,Q26,Q26,Q26,Q26,Q26,V23,V23,V23,V23,V23,V23,P17,P17,P17,P17,P17,P17,P17,B17,B17
L1,L1,L1,L1,L1,L1,L1,L1,L1,L1,L1,W5,W5,W5,W5,W5,W5,W5,J3,J3,J3,J3,J3,J3,J3,J3,J3,J3,J3,J3,J3,L10,Y8,Y8,L10,L10,L10,Y8,W10,K9,W10,W10,W10,W10,W10,W10,W10,W10,W10,W10,B5,B5,B5,B5,B5,B5,B5,M9,M9,M9,M9,M9,K11,K11,K11,K11,K11,K11,K11,G9,G9,G9,G9,G9,G9,G9,G9,G9,L15,L15,L15,L15,L15,Q15,Q15,Q15,Q15,Q15,Q15,Q15,Q15,Q15,O15,O15,O15,O15,O15,O15,O15,O15,Z19,Z19,Z19,S19,B14,B14,B14,B14,B14,U18,G16,U18,U18,U18,U18,U18,U18,U18,U18,Q26,Q26,Q26,Q26,Q26,V23,V23,V23,V23,V23,P17,V23,P17,P17,P17,P17,P17,P17,P17,P17,P17
L1,L1,L1,L1,R2,L1,R2,R2,L1,L1,L1,W5,W5,W5,W5,W5,W5,W5,J3,J3,J3,J3,J3,J3,J3,J3,J3,J3,J3,J3,J3,Y8,Y8,Y8,Y8,Y8,Y8,Y8,Y8,K9,K9,K9,Y8,W10,W10,W10,W10,W10,W10,W10,B5,W10,N7,N7,B5,M9,M9,M9,M9,M9,M9,M9,K11,K11,M9,M9,K11,K11,K11,G9,G9,G9,G9,G9,G9,G9,G9,V14,L15,L15,X14,L15,L15,Q15,Q15,Q15,Q15,Q15,Q15,Q15,Q15,Q15,O15,O15,O15,O15,O15,O15,O15,O15,Z19,Z19,Z19,B14,B14,B14,B14,B14,B14,B14,U18,U18,U18,U18,U18,U18,U18,T17,T17,Q26,Q26,Q26,Q26,Q26,Q26,Q26,V23,V23,P17,P17,P17,P17,P17,P17,P17,P17,P17,P17,P17,P17
L1,L1,L1,L1,R2,R2,R2,T3,T3,L1,L1,L1,L1,W5,W5,W5,W5,W5,J3,J3,J3,J3,J3,J3,J3,J3,J3,J3,J3,J3,J3,Y8,Y8,Y8,Y8,Y8,Y8,Y8,Y8,Y8,Y8,Y8,Y8,W10,W10,W10,W10,W10,W10,W10,B5,W10,W10,W10,M9,M9,M9,M9,M9,M9,M9,M9,M9,K11,M9,M9,M9,M9,G9,G9,G9,G9,G9,G9,G9,G9,G9,L15,L15,L15,X14,X14,Q15,A14,Q15,Q15,Q15,Q15,Q15,Q15,Q15,Q15,O15,O15,O15,O15,O15,O15,O15,O15,Z19,Z19,Z19,V22,O15,B14,B14,B14,B14,B14,B14,U18,U18,U18,U18,U18,U18,T17,Q26,Q26,Q26,Q26,Q26,Q26,Q26,Q26,V23,V23,P17,P17,C22,P17,P17,P17,P17,P17,P17,P17,P17,P17
L1,L1,L1,R2,R2,R2,T3,T3,T3,L1,W5,W5,W5,W5,W5,W5,W5,W5,J3,J3,J3,J3,J3,J3,J3,J3,J3,J3,J3,J3,J3,Y8,Y8,Y8,Y8,Y8,Y8,Y8,Y8,Y8,Y8,Y8,Y8,W10,W10,W10,W10,W10,W10,W10,W10,W10,W10,W10,M9,M9,M9,M9,M9,M9,M9,E10,M9,M9,M9,M9,M9,M9,M9,G9,G9,G9,G9,G9,G9,G9,G9,X14,X14,X14,X14,X14,Q15,Q15,Q15,Q15,Q15,Q15,Q15,Q15,Q15,Q15,Q15,Q15,O15,O15,O15,O15,O15,O15,Z19,Z19,O15,O15,O15,O15,B14,B14,B14,B14,B14,B14,B14,B14,T17,T17,T17,T17,Q26,Q26,Q26,Q26,Q26,Q26,V23,V23,V23,V23,V23,P17,P17,P17,P17,P17,P17,P17,P17,P17,P17,E24
R2,R2,R2,R2,R2,R2,R2,T3,T3,T3,W5,W5,W5,W5,W5,W5,W5,W5,D5,J3,J3,J3,J3,J3,J3,J3,J3,J3,J3,J3,J3,Y8,Y8,Y8,Y8,Y8,Y8,Y8,Y8,Y8,Y8,Y8,W10,W10,W10,W10,W10,W10,W10,W10,W10,W10,W10,W10,M9,M9,M9,E10,E10,E10,M9,E10,M9,M9,M9,M9,M9,G9,G9,G9,G9,G9,G9,G9,G9,G9,G9,X14,X14,X14,X14,X14,Q15,Q15,Q15,Q15,Q15,Q15,Q15,Q15,Q15,Q15,Q15,Q15,O15,O15,O15,O15,O15,O15,O15,O15,O15,O15,O15,O15,B14,B14,Y18,B14,B14,B14,B14,B14,P14,T17,P14,P14,P14,Q26,Q26,Q26,Q26,Q26,V23,V23,V23,V23,V23,V23,V23,P17,P17,P17,P17,P17,P17,P17,P17,E24
R2,R2,R2,R2,R2,R2,R2,T3,T3,T3,W5,W5,W5,W5,W5,W5,W5,W5,D5,J3,J3,J3,J3,J3,J3,J3,J3,J3,J3,J3,J3,Y8,Y8,Y8,Y8,Y8,Y8,Y8,Y8,Y8,Y8,Y8,Y8,W10,W10,W10,W10,W10,W10,W10,W10,W10,W10,W10,M9,M9,M9,E10,E10,E10,E10,E10,M9,M9,M9,M9,M9,M9,M9,G9,G9,G9,G9,G9,S11,S11,S11,S11,S11,S11,S11,S11,Q15,Q15,Q15,Q15,Q15,Q15,Q15,Q15,Q15,Q15,Q15,O15,O15,O15,O15,O15,O15,O15,O15,O15,O15,O15,O15,B14,B14,B14,B14,B14,B14,B14,P14,P14,P14,P14,P14,P14,Q26,Q26,Q26,Q26,V23,V23,V23,V23,V23,V23,V23,V23,V23,N17,P17,P17,P17,P17,E24,E24,E24,E24
L2,R2,R2,R2,R2,R2,R2,R2,R2,N2,W5,W5,W5,W5,W5,W5,W5,W5,L7,J3,J3,J3,J3,J3,J3,J3,J3,J3,J3,J3,J3,X7,Y8,Y8,Y8,Y8,Y8,Y8,Y8,Y8,Y8,Y8,Y8,Y8,Y8,W10,W10,W10,W10,W10,W10,W10,W10,W10,M9,E10,E10,E10,E10,E10,E10,E10,E10,E10,M9,M9,M9,M9,G9,G9,G9,G9,G9,G9,S11,S11,S11,S11,S11,S11,S11,S11,Q15,Q15,Q15,Q15,Q15,Q15,Q15,Q15,Q15,Q15,Q15,O15,O15,J12,O15,O15,O15,O15,O15,O15,O15,O15,O15,L20,B14,B14,C18,C18,B14,B14,P14,P14,P14,P14,P14,P14,P14,P14,P14,J17,V23,V23,V23,V23,V23,V23,V23,V23,V23,V23,E24,E24,P17,P17,E24,E24,E24,E24
L2,L2,R2,R2,R2,R2,Y3,R2,N2,N2,N2,N2,N2,W5,W5,W5,W5,W5,W5,D6,D6,D6,D6,D6,D6,D6,W9,D6,S2,O7,O7,X7,X7,Y8,Y8,Y8,Y8,Y8,Y8,Y8,Y8,Y8,Y8,Y8,Y8,Y8,W10,B8,B8,W10,W10,W10,W10,E10,E10,U8,E10,E10,E10,E10,E10,E10,E10,M9,M9,M9,M9,M9,G9,G9,G9,G9,G9,G9,S11,S11,S11,S11,S11,S11,S11,S11,X15,Q15,Q15,Q15,Q15,Q15,Q15,Q15,Q15,Q15,Q15,Q15,Q15,J12,J12,O15,O15,O15,O15,O15,O15,O15,O15,O15,C18,C18,C18,C18,C18,B14,B14,P14,P14,P14,P14,P14,P14,P14,P14,J17,V23,V23,V23,V23,V23,V23,V23,M19,M19,M19,M19,E24,P17,P17,E24,E24,E24,E24
L2,L2,L2,L2,R2,Z2,N2,N2,N2,N2,N2,N2,N2,W5,W5,W5,W5,W5,D6,K5,D6,D6,D6,D6,D6,D6,D6,D6,S2,O7,D6,X7,X7,D6,Y8,Y8,Y8,Y8,Y8,Y8,Y8,Y8,Y8,Y8,B8,B8,B8,B8,B8,B8,W10,D11,D11,E10,E10,E10,E10,E10,E10,E10,E10,E10,E10,M9,M9,M9,M9,M9,G9,B10,G9,G9,G9,G9,S11,S11,S11,S11,S11,S11,S11,S11,X15,Q15,Q15,Q15,H20,H20,Q15,Q15,Q15,Q15,Q15,Q15,H22,H22,J12,J12,J12,O15,O15,J12,J12,J12,O15,O15,C18,C18,C18,C18,C18,P14,P14,P14,P14,P14,P14,P14,P14,P14,P14,J17,J17,J17,O18,N15,V23,V23,V23,Q29,M19,M19,M19,E24,E24,E24,E24,E24,E24,E24
L2,L2,L2,L2,R2,Z2,N2,N2,N2,N2,N2,N2,N2,W5,W5,W5,W5,W5,D6,D6,D6,D6,D6,D6,D6,D6,D6,D6,D6,D6,D6,D6,D6,D6,Y8,Y8,Y8,Y8,Y8,Y8,Y8,V7,V7,B8,B8,B8,B8,B8,B8,B8,B8,D11,D11,D11,E10,E10,E10,E10,E10,E10,E10,E10,M9,M9,M9,M9,M9,G9,G9,G9,G9,G9,G9,G9,S11,S11,S11,S11,S11,S11,S11,S11,X15,Q15,D18,Q15,H20,Q15,Q15,Q15,Q15,B13,Q15,J12,J12,J12,J12,J12,J12,J12,J12,J12,C18,C18,C18,C18,C18,C18,C18,C18,C18,P14,P14,P14,P14,P14,P14,P14,P14,P14,P14,P14,Y20,J17,O18,O18,O18,O18,O18,Q29,M19,M19,M19,M19,M19,E24,E24,E24,E24,E24
L2,L2,V1,V1,Z2,Z2,N2,N2,N2,N2,N2,N2,N2,N2,W5,W5,W5,W5,R4,R4,R4,D6,D6,D6,D6,D6,D6,D6,D6,D6,D6,D6,D6,D6,V7,V7,Y8,Y8,V7,V7,V7,V7,D10,D10,D10,B8,B8,B8,B8,B8,B8,D11,D11,D11,E10,E10,E10,E10,E10,E10,E10,E10,E10,M9,M9,M9,M9,M9,M9,G9,G9,S8,S8,G9,S11,S11,S11,S11,S11,S11,S11,S11,Q15,Q15,D18,Q15,H20,Q15,Q15,Q15,Q15,B13,J12,J12,J12,J12,J12,J12,J12,J12,J12,J12,J12,C18,C18,C18,C18,C18,C18,C18,C18,P14,P14,P14,P14,P14,P14,P14,P14,P14,Y20,Y20,Y20,J17,J17,O18,O18,C21,Q29,Q29,M19,M19,M19,M19,E24,E24,E24,E24,E24,E24
L2,V1,V1,K2,N2,N2,N2,N2,N2,N2,N2,N2,N2,N2,W5,W5,Z6,W5,W5,D6,D6,D6,D6,D6,D6,D6,D6,D6,D6,D6,D6,V7,V7,V7,V7,V7,V7,V7,V7,V7,V7,V7,D10,D10,D10,B8,B8,B8,B8,B8,B8,B8,D11,D11,E10,E10,E10,E10,E10,E10,E10,E10,E10,M9,M9,M9,M9,M9,M9,G9,G9,S8,G9,G9,S11,S11,S11,S11,S11,S11,S11,S11,Q15,Q15,Q15,Q15,Q15,Q15,Q15,Q15,Q15,J12,J12,J12,J12,J12,J12,J12,J12,J12,J12,J12,J12,J12,C18,C18,C18,C18,C18,C18,C18,P14,P14,P14,P14,P14,P14,P14,P14,Y20,Y20,Y20,M17,O18,O18,O18,O18,C21,Q29,Q29,M19,M19,M19,M19,M19,E24,E24,E24,E24,E24
V1,V1,V1,N2,N2,N2,N2,N2,N2,N2,N2,N2,N2,N2,N2,N2,Z6,Z6,D6,D6,D6,D6,D6,D6,D6,D6,D6,D6,D6,D6,D6,D6,D6,V7,D6,D6,V7,D6,D6,V7,V7,V7,D10,D10,D10,D10,D10,B8,B8,B8,B8,B8,B8,B8,E10,E10,E10,E10,E10,E10,E10,E10,E10,M9,M9,M9,M9,M9,M9,T8,D15,G9,G9,G9,S11,S11,S11,S11,S11,S11,S11,S11,Q15,Q15,Q15,Q15,Q15,Q15,Q15,Q15,Q15,D20,J12,J12,J12,J12,J12,J12,J12,J12,J12,J12,J12,J12,G13,G13,C18,C18,C18,C18,C18,P14,P14,P14,P14,P14,P14,P14,Y20,Y20,Y20,Y20,Y20,Y20,S21,O18,L25,L25,L25,Q29,M19,U23,M19,E24,E24,E24,E24,E24,Q29,E24
V1,V1,V1,N2,B1,N2,N2,N2,N2,N2,N2,N2,N2,N2,N2,N2,Z6,Z6,Z6,Z6,Z6,D6,D6,D6,D6,D6,D6,D6,D6,D6,D6,K7,D6,V7,D6,D6,D6,D6,V7,V7,V7,D10,D10,D10,D10,D10,B8,B8,B8,B8,B8,B8,B8,B8,B8,E10,E10,E10,E10,E10,E10,E10,E10,E10,E10,M9,T8,T8,T8,T8,T8,G9,G9,G9,G9,G9,S11,S11,S11,S11,S11,S11,Q15,Q15,Q15,Q15,Q15,Q15,Q15,Q15,S16,J12,J12,J12,J12,J12,J12,J12,J12,J12,J12,J12,J12,J12,G13,G13,G13,G13,C18,C18,P14,P14,K21,P14,P14,P14,P14,P14,Y20,Y20,Y20,Y20,Y20,Y20,S21,O18,L25,L25,L25,Q29,Q29,U23,U23,E24,E24,Q29,Q29,Q29,Q29,Q29
V1,N2,N2,N2,N2,N2,N2,N2,N2,N2,N2,N2,N2,N2,N2,N2,Z6,Z6,Z6,Z6,Z6,D6,D6,D6,D6,D6,D6,D6,D6,K7,K7,K7,D6,D6,D6,D6,D6,D6,V7,V7,D10,D10,D10,D10,D10,B8,B8,B8,B8,B8,B8,B8,V10,V10,E10,E10,E10,E10,E10,E10,E10,E10,E10,E10,L13,L13,L13,T8,T8,T8,T8,T8,T8,G9,G9,T8,S11,S11,S11,S11,S11,S11,X16,X16,Q15,Q15,Q15,Q15,Q15,Q15,J12,J12,J12,J12,J12,J12,J12,J12,J12,J12,J12,J12,J12,G13,G13,G13,G13,G13,C18,G13,P14,K21,K21,P14,P14,P14,P14,P14,Y20,Y20,Y20,Y20,Y20,Y20,T19,L25,L25,L25,L25,Q29,U23,U23,U23,E24,U23,Q29,Q29,Q29,K23,K23
V1,V1,N2,V1,V1,V1,N2,N2,N2,N2,N2,N2,N2,N2,N2,N2,N2,Z6,Z6,Z6,D6,D6,D6,D6,D6,D6,D6,K7,K7,K7,K7,K7,D6,D6,D6,D6,D6,V7,V7,V7,V7,D10,D10,D10,D10,B8,B8,B8,B8,B8,B8,B8,B8,V10,E10,E10,E10,E10,E10,E10,E10,E10,I13,L13,L13,L13,L13,L13,T8,T8,T8,T8,T8,G9,T8,T8,S11,S11,S11,S11,S11,S11,X16,X16,X16,Q15,Q15,Q15,Z18,Q15,X18,X18,X18,J12,J12,J12,J12,J12,J12,J12,J12,J12,F14,G13,G13,G13,G13,G13,C18,G13,K21,K21,K21,P14,P14,P14,Y20,Y20,Y20,Y20,Y20,Y20,Y20,X24,T19,T19,L25,L25,L25,Q29,Q29,U23,U23,U23,U23,Q29,Q29,K23,K23,K23
V1,V1,V1,V1,N2,N2,N2,N2,N2,N2,N2,N2,N2,N2,N2,N2,N2,Z6,Z6,Z6,Z6,Z6,D6,D6,D6,D6,D6,D6,K7,K7,K7,K7,K7,D6,D6,D6,D6,V7,D6,V7,V7,D10,V7,D10,D10,B8,B8,B8,B8,B8,B8,B8,Y10,B8,B8,E10,E10,E10,E10,E10,E10,E10,E10,C14,L13,L13,L13,L13,L13,L13,T8,T8,T8,T8,T8,T8,S11,S11,S11,S11,S11,S11,K13,K13,K13,K13,K13,Q15,Q15,Q15,X18,J12,J12,J12,J12,J12,J12,J12,J12,J12,J12,J12,J12,G13,G13,G13,G13,G13,G13,G13,G13,K21,K21,K21,K21,P14,Y20,Y20,Y20,Y20,Y20,Y20,Y20,X24,T19,T19,L25,L25,L25,Q29,Q29,U23,U23,Q29,Q29,Q29,Q29,E25,K23,E25
V1,V1,V1,V1,N2,N2,N2,N2,N2,N2,N2,D2,D2,N2,D2,Z6,N2,Z6,Z6,Z6,Z6,Z6,Z6,Z6,D6,D6,D6,D6,K7,K7,K7,K7,K7,D6,D6,D6,D6,D6,D6,D6,V7,D10,V7,V7,D10,B8,B8,B8,B8,B8,B8,B8,Y10,B8,B8,X12,E10,E10,S7,S7,E10,L13,L13,L13,L13,L13,L13,L13,L13,L13,T8,T8,T8,T8,K13,T8,S11,S11,S11,S11,S11,S11,K13,K13,K13,K13,V17,Q15,X18,X18,X18,J12,X18,J12,J12,J12,J12,J12,J12,J12,J12,J12,G13,G13,G13,G13,G13,G13,G13,G13,G13,G13,G13,K21,Y20,Y20,Y20,Y20,Y20,Y20,Y20,Y20,Y20,Y20,T19,T19,T19,T19,L25,Q29,Q29,U23,Q29,Q29,Q29,Q29,Q29,E25,E25,E25
V1,V1,V1,V1,N2,N2,N2,N2,N2,D2,D2,D2,D2,D2,D2,Z6,Z6,Z6,Z6,Z6,Z6,Z6,F3,F3,F3,F3,F3,F3,F3,K7,K7,K7,K7,D6,D6,D6,V7,V7,V7,V7,V7,V7,V7,V7,B8,B8,B8,B8,B8,B8,B8,B8,B8,B8,B8,X12,E10,E10,S7,S7,E10,L13,L13,L13,L13,L13,L13,L13,L13,L13,T8,T8,T8,T8,K13,T8,S11,S11,S11,S11,S11,S11,K13,K13,K13,V17,V17,Q15,Q15,X18,X18,X18,X18,X18,J12,J12,J12,J12,J12,J12,J12,J12,G13,G13,G13,G13,G13,G13,G13,G13,G13,G13,K21,K21,K21,K21,Y20,Y20,Y20,Y20,T19,Y20,Y20,T19,T19,T19,T19,T19,L25,Q29,Q29,Q29,Q29,Q29,Q29,Q29,Q29,E25,E25,E25
V1,V1,V1,V1,V1,V1,D2,W4,W4,D2,D2,D2,D2,D2,D2,D2,D2,Z6,Z6,Z6,Z6,Z6,F3,F3,F3,F3,F3,F3,F3,F3,K7,K7,F3,D6,D6,V7,V7,V7,V7,V7,C8,V7,C8,B8,B8,B8,B8,B8,B8,B8,B8,B8,B8,B8,X12,X12,E10,E10,S7,S7,L13,L13,L13,L13,L13,L13,L13,L13,L13,L13,L13,T8,T8,T8,K13,T8,S11,S11,S11,S11,S11,S11,K13,K13,K13,K13,K13,X18,X18,X18,X18,X18,X18,X18,V20,V20,V20,V20,J12,X22,G13,G13,G13,G13,G13,G13,G13,G13,G13,G13,G13,G13,K21,K21,K21,K21,K21,K21,T19,T19,T19,N14,T19,T19,T19,T19,T19,T19,Q29,Q29,Q29,Q29,Q29,Q29,J19,E25,E25,E25,E25,E25
V1,V1,V1,A2,A2,D2,D2,D2,D2,D2,D2,D2,D2,D2,D2,D2,D2,Z6,Z6,Z6,O3,O3,O3,O3,F3,F3,F3,F3,F3,R6,F3,F3,F3,D6,V7,V7,V7,V7,V7,C8,C8,C8,C8,H12,B8,X12,X12,X12,X12,B8,X12,B8,B8,B8,X12,X12,X12,E10,L13,L13,L13,L13,L13,L13,L13,L13,L13,L13,L13,L13,L13,L13,T8,T8,K13,K13,K13,K13,K13,K13,K13,K13,K13,K13,K13,K13,K13,X18,X18,X18,X18,X18,X18,I18,V20,V20,V20,G13,G13,G13,G13,G13,G13,G13,G13,G13,G13,G13,G13,G13,G13,G13,K21,K21,K21,K21,F18,F18,T19,T19,T19,T19,T19,T19,T19,T19,T19,T19,T19,T19,J19,J19,Q29,J19,J19,J19,E25,E25,E25,E25
V1,V1,A2,A2,A2,A2,D2,D2,D2,D2,D2,D2,D2,D2,D2,D2,D2,D2,O3,O3,O3,O3,O3,F3,F3,F3,F3,F3,F3,F3,F3,F3,F3,D6,V7,V7,V7,C8,C8,C8,C8,C8,C8,H12,C8,C8,X12,X12,X12,X12,X12,X12,X12,X12,X12,X12,X12,X12,L13,L13,L13,L13,L13,L13,L13,L13,L13,L13,L13,L13,T8,T8,T8,T8,K13,K13,K13,K13,K13,K13,K13,K13,K13,K13,K13,K13,K13,X18,X18,X18,X18,X18,X18,I18,V20,V20,V20,V20,V20,G13,G13,G13,G13,G13,G13,G13,M13,G13,G13,G13,K21,K21,K21,K21,K21,K21,F18,U20,T19,T19,T19,T19,T19,T19,T19,T19,T19,T19,K22,K22,K22,J19,J19,J19,J19,J19,E25,E25,E25,S22
V1,V1,A2,A2,A2,D2,D2,D2,D2,D2,D2,D2,D2,D2,D2,D2,D2,D2,D2,O3,F3,F3,F3,F3,F3,F3,F3,F3,F3,F3,F3,F3,F3,F3,F3,V7,C8,C8,L11,C8,C8,C8,C8,C8,C8,C8,X12,X12,X12,X12,X12,X12,X12,X12,X12,X12,Q10,L13,L13,L13,L13,L13,L13,L13,L13,L13,L13,L13,L13,L13,T8,T8,T8,K13,K13,K13,K13,K13,K13,K13,K13,K13,K13,K13,K13,K13,K13,X18,X18,X18,X18,X18,X18,I18,V20,V20,V20,V20,V20,V20,G13,G13,G13,G13,G13,G13,M13,M13,M13,M13,M13,M13,K21,K21,K21,F18,F18,F18,T19,T19,T19,T19,T19,T19,T19,T19,T19,T19,K22,K22,K22,J19,J19,J19,J19,J19,S22,S22,S22,S22
V1,V1,A2,A2,A2,A2,A2,A2,D2,D2,D2,D2,D2,D2,D2,D2,D2,D2,F3,F3,F3,F3,F3,F3,F3,F3,F3,F3,F3,F3,F3,F3,F3,F3,F3,C8,C8,C8,C8,C8,C8,C8,C8,C8,C8,C8,X12,X12,X12,X12,X12,X12,X12,Q10,X12,Q10,Q10,Q10,L13,L13,L13,L13,L13,L13,L13,L13,L13,L13,L13,T8,T8,T8,T8,T8,T8,K13,K13,K13,K13,K13,K13,K13,K13,K13,K13,K13,K13,X18,X18,X18,X18,X18,X18,I18,V20,V20,V20,V20,V20,V20,G13,G13,G13,G13,G13,G13,M13,M13,M13,M13,M13,M13,M13,M13,M13,F18,F18,N13,T19,T19,T19,T19,T19,T19,T19,T19,T19,O17,K22,O17,O17,O17,O17,J19,J19,J19,J19,J19,S22,S22
V1,V1,A2,A2,A2,A2,A2,A2,A2,D2,D2,D2,D2,D2,D2,D2,D2,D2,F3,F3,F3,F3,F3,F3,F3,F3,F3,F3,F3,F3,F3,F3,F3,F3,K8,C8,C8,C8,C8,C8,C8,C8,C8,C8,C8,C8,X12,X12,X12,X12,H14,H14,Q10,Q10,Q10,Q10,Q10,Q10,Q10,L13,L13,L13,L13,L13,L13,L13,L13,L13,T8,T8,T8,T8,T8,T8,K13,K13,K13,K13,K13,K13,K13,K13,K13,K13,K13,J10,X18,X18,X18,X18,X18,X18,I18,I18,V20,V20,V20,V20,G13,G13,G13,G13,G13,G13,M13,M13,M13,M13,M13,M13,M13,M13,M13,M13,M13,F18,F18,F18,T19,Z22,U21,T19,T19,T19,T19,T19,O17,O17,K22,O17,O17,J19,J19,J19,J19,J19,J19,H26,S22,S22
A2,A2,A2,A2,A2,A2,A2,A2,A2,D2,D2,D2,D2,D2,D2,D2,D2,D2,D2,F3,F3,F3,F3,F3,F3,F3,F3,F3,F3,F3,F3,M4,F3,F3,K8,K8,K8,K8,C8,C8,C8,C8,C8,C8,H11,H11,H11,H11,Y9,Y9,Y9,Y9,Y9,Q10,Q10,Q10,Q10,Q10,Q10,L13,L13,L13,L13,L13,L13,L13,T8,T8,T8,V11,T8,T8,V11,T8,K13,K13,K13,K13,K13,K13,K13,K13,K13,K13,J10,J10,X18,X18,X18,X18,V20,X18,I18,I18,I18,I18,V20,V20,V20,G13,G13,G13,G13,G13,M13,M13,M13,M13,B15,M13,M13,M13,M13,M13,E21,F18,F18,F18,F18,Z22,T19,T19,T19,T19,O17,O17,O17,O17,O17,O17,O17,O17,J19,J19,J19,J19,J19,H26,S22,S22
Z1,Z1,Z1,A2,A2,A2,A2,A2,A2,A2,D2,D2,D2,D2,D2,D2,D2,D2,D2,F3,F3,F3,F3,F3,F3,F3,F3,F3,F3,F3,M4,M4,M4,A8,M4,K8,K8,K8,C8,C8,C8,C8,C8,C8,H11,H11,H11,H11,Y9,Y9,Y9,Y9,Y9,Q10,Q10,Q10,Q10,Q10,Q10,Q10,Q10,L13,L13,Z14,Z14,T8,T8,T8,V11,V11,V11,V11,V11,V11,K13,K13,K13,K13,K13,K13,K13,J10,K13,K13,J10,J10,J10,J10,X18,V20,V20,V20,V20,V20,V20,V20,V20,V20,V20,V20,G13,G13,G13,G13,M13,M13,M13,M13,M13,M13,M13,M13,M13,M13,M13,F18,F18,F18,F18,Z22,T19,T19,T19,O17,O17,O17,O17,O17,O17,O17,O17,O17,J19,J19,J19,J19,J19,H26,S22,S22
Z1,A2,A2,A2,A2,A2,A2,A2,A2,A2,A2,D2,D2,V5,D2,E2,E2,K4,K4,F3,F3,K4,K4,K4,K4,K4,K4,K4,K4,K4,M4,M4,M4,M4,M4,K8,K8,K8,K8,C8,C8,C8,H11,H11,H11,H11,H11,H11,Y9,Y9,Y9,Y9,Y9,Q10,Q10,Q10,Q10,Q10,Q10,Q10,Q10,Q10,Q10,Z14,Z14,Z14,Z14,T8,T8,V11,V11,V11,V11,V11,K13,K13,K13,K13,K13,K13,K13,J10,J10,J10,W16,J10,J10,J10,J10,J10,J10,V20,V20,V20,V20,V20,V20,V20,G13,G13,G13,G13,G13,M13,M13,M13,M13,M13,M13,M13,M13,M13,M13,M13,M13,F18,F18,Z22,Z22,Z22,T19,T19,G17,G17,O17,O17,O17,O17,O17,O17,O17,J19,J19,J19,J19,J19,J19,H26,H26,H26
A2,A2,A2,A2,A2,A2,A2,A2,A2,A2,D2,D2,K4,K4,K4,K4,K4,K4,K4,K4,K4,K4,K4,K4,K4,K4,K4,K4,K4,K4,M4,M4,M4,M4,M4,K8,K8,K8,K8,C8,C8,C8,C8,C8,H11,H11,H11,H11,Y9,Y9,Y9,Y9,Y9,Q10,Q10,Q10,Q10,Q10,Q10,Q10,Q10,Q10,Q10,Z14,Z14,Z14,V11,V11,V11,V11,V11,V11,V11,V11,V11,V11,V11,T11,T11,K13,K13,P9,J10,J10,J10,J10,J10,J10,J10,J10,J10,J10,V20,V20,V20,V20,V20,V20,V20,V20,V20,G13,M13,M13,R22,M13,M13,M13,M13,M13,M13,M13,M13,M13,M13,M13,M13,Z22,Z22,Z22,T19,T19,T19,G17,O17,O17,O17,O17,O17,O17,O17,O17,J19,J19,J19,J19,H26,H26,H26,H26
N1,N1,A2,A2,A2,A2,A2,A2,A2,A2,I3,D2,K4,K4,K4,K4,K4,K4,K4,K4,K4,K4,K4,K4,K4,K4,K4,K4,K4,K4,F5,M4,M4,M4,M4,M4,M4,K8,R11,C8,C8,C8,C8,H11,H11,H11,H11,H11,Y9,Y9,Y9,Y9,Y9,J6,J6,Q10,Q10,Q10,Q10,Q10,Q10,Q10,Z14,Z14,Z14,Z14,Z14,V11,V11,V11,V11,V11,V11,V11,V11,V11,T11,T11,T11,T11,J10,J10,J10,J10,J10,J10,J10,J10,J10,J10,J10,V20,V20,V20,V20,V20,V20,V20,V20,V20,V20,M13,M13,M13,M13,M13,M13,M13,M13,M13,M13,M13,M13,M13,M13,M13,M13,Z22,Z22,Z22,Z22,T19,O17,O17,O17,O17,O17,O17,O17,O17,O17,O17,O17,J19,J19,O17,H26,F22,F22,F22
A2,A2,A2,A2,A2,A2,A2,A2,A2,A2,A2,A2,K4,K4,K4,K4,K4,K4,K4,K4,K4,K4,K4,K4,K4,K4,K4,K4,K4,K4,X5,X5,X5,K8,K8,M4,K8,K8,R11,R11,R11,C8,B7,B7,H11,H11,H11,H11,Y9,Y9,Y9,Y9,Y9,Y9,Y9,Y9,Y9,Y9,Z14,Z14,Z14,Q10,Z14,Z14,Z14,Z14,Z14,V11,V11,V11,V11,V11,V11,V11,V11,V11,T11,T11,T11,T11,J10,J10,J10,J10,J10,J10,J10,J10,J10,G11,J10,V20,V20,P12,V20,V20,V20,V20,V20,V20,R19,M13,U16,M13,M13,M13,M13,M13,M13,M13,M13,M13,M13,M13,M13,X23,M13,M13,Z22,Z22,O17,O17,O17,O17,O17,O17,O17,O17,O17,O17,O17,O17,O17,O17,O17,O17,F22,F22,F22,F22
K1,A2,A2,A2,K1,A2,A2,A2,A2,A2,A2,A2,K4,X4,K4,K4,K4,K4,K4,K4,K4,K4,K4,K4,O5,O5,O5,X5,X5,X5,X5,X5,X5,X5,K8,K8,K8,R11,R11,R11,R11,R11,B7,B7,H11,H11,H11,H11,Y9,Y9,Y9,Y9,Y9,Y9,Y9,Y9,Y9,Y9,Z14,Z14,Z14,Z14,Z14,Z14,Z14,Z14,Z14,V11,V11,V11,V11,V11,V11,V11,V11,V11,V11,T11,T11,J10,J10,J10,J10,J10,J10,J10,G11,G11,G11,G11,G11,G11,G11,G11,G11,G11,V20,V20,V20,V20,R19,R19,R19,R19,R19,E18,M13,M13,M13,M13,M13,M13,M13,M13,M13,X23,X23,X23,X23,X23,O17,O17,O17,O17,O17,O17,O17,O17,O17,O17,O17,O17,O17,O17,O17,O17,F22,F22,F22,F22
K1,K1,A2,K1,K1,A2,A2,X1,A2,A2,A2,A2,Q2,K4,K4,K4,K4,K4,K4,K4,K4,K4,K4,K4,O5,O5,X5,X5,X5,X5,X5,X5,X5,X5,X5,X5,K8,R11,R11,R11,R11,R11,B7,R11,R11,R11,H11,H11,Y9,Y9,Y9,Y9,Y9,Y9,Y9,Y9,Y9,Y9,Q11,Z14,Z14,Z14,Z14,Z14,Z14,Z14,Z14,V11,V11,V11,V11,V11,V11,V11,V11,N11,V11,T11,T11,T11,J10,J10,J10,J10,J10,J10,G11,G11,G11,G11,G11,G11,G11,G11,G11,G11,R19,V20,R19,R19,R19,R19,R19,R19,R19,R19,M13,M13,M13,M13,M13,M13,M13,M13,X23,X23,X23,X23,X23,X23,O17,O17,O17,O17,O17,O17,O17,O17,O17,O17,O17,O17,O17,O17,O17,O17,O17,F22,F22,F22
K1,K1,K1,K1,K1,K1,A2,X1,X1,A2,C4,K4,K4,K4,K4,K4,K4,K4,K4,K4,K4,K4,K4,K4,K4,O5,X5,X5,X5,X5,X5,X5,X5,X5,X5,M5,R11,R11,R11,R11,R11,R11,R11,R11,R11,R11,P7,H11,V9,V9,Y9,Y9,Y9,Y9,Y9,Y9,Y9,Y9,E11,E11,Z14,Z14,Z14,Z14,Z14,Z14,Z14,Z14,V11,V11,V11,V11,V11,V11,V11,V11,V11,V11,T11,J10,J10,J10,J10,Q16,J10,G11,G11,G11,G11,G11,G11,G11,G11,R19,R19,R19,R19,R19,R19,R19,R19,R19,R19,R19,R19,R19,M13,M13,M13,M13,M13,M13,X23,X23,X23,X23,X23,X23,X23,X23,X23,O17,O17,O17,O17,O17,O17,O17,O17,O17,O17,O17,O17,O17,O17,O17,F22,F22,F22,F22
K1,K1,K1,K1,K1,K1,K1,H3,X1,X1,K4,K4,K4,K4,K4,K4,K4,K4,K4,K4,K4,K4,K4,K4,K4,K4,X5,X5,X5,X5,X5,X5,X5,X5,X5,X5,X5,G4,R11,N6,R11,R11,R11,R11,R11,R11,P7,H11,V9,V9,Y9,Y9,Y9,Y9,Y9,Y9,Y9,Y9,Q12,E11,Z14,Z14,Z14,Z14,Z14,Z14,Z14,V11,V11,V11,V11,V11,V11,V11,V11,V11,V11,V11,J10,J10,J10,J10,J10,J10,J10,V15,G11,G11,G11,G11,G11,G11,G11,R19,R19,R19,R19,R19,R19,R19,R19,R19,R19,R19,R19,R19,D22,D22,M13,M13,M13,M13,X23,X23,X23,X23,X23,X23,X23,X23,X23,O17,O17,O17,O17,O17,O17,O17,O17,O17,O17,O17,O17,F22,O17,O17,F22,F22,F22,F22
K1,K1,K1,K1,K1,K1,K1,H3,H3,X1,H3,K4,K4,K4,K4,K4,O2,K4,K4,K4,K4,K4,K4,K4,X5,X5,X5,X5,X5,X5,X5,X5,X5,X5,X5,X5,X5,G4,G4,R11,R11,R11,R11,R11,R11,R11,R11,V9,V9,V9,Y9,Y9,Y9,Y9,Y9,Y9,Y9,Y9,Z14,Z14,Z14,Z14,Z14,Z14,Z14,Z14,Z14,V11,V11,V11,V11,V11,V11,V11,V11,V11,V11,R17,R17,J10,R17,S14,J10,V15,V15,V15,G11,Q17,G11,G11,G11,G11,G11,R19,R19,R19,R19,R19,R19,R19,R19,R19,R19,R19,R19,E19,D22,D22,D22,M13,D22,X23,X23,X23,X23,X23,X23,X23,X23,X23,X23,O17,W22,W22,W22,W22,W22,W22,O17,O17,O17,F21,O17,F22,F22,F22,F22,F22,F22,F22
K1,K1,K1,K1,K1,K1,K1,H3,H3,H3,H3,L3,L3,K4,K4,L4,K4,K4,K4,K4,K4,K4,X5,X5,X5,X5,X5,X5,X5,X5,X5,X5,X5,X5,X5,X5,G4,G4,G4,R11,R11,R11,R11,R11,R11,R11,R11,V9,V9,V9,Y9,Y9,Y9,Y9,Y9,Y9,Y9,Z14,Z14,Z14,Z14,U10,Z14,Z14,Z14,Z14,Z14,V11,V11,V11,V11,V11,V11,V11,V11,V11,R17,R17,R17,R17,R17,S14,J10,V15,V15,V15,V15,G11,G11,G11,G11,G11,G11,G11,G11,R19,R19,R19,R19,R19,R19,R19,R19,R19,R19,R19,L22,D22,D22,D22,D22,X23,X23,X23,X23,X23,X23,X23,X23,X23,X23,X23,X23,W22,W22,W22,W22,W22,O17,O17,O17,W22,W22,W22,W22,F22,F22,F22,F22,F22
K1,K1,O1,O1,K1,K1,K1,H3,H3,H3,H3,L3,K4,K4,K4,L4,L4,L4,L4,K4,K4,K4,X5,X5,X5,X5,X5,X5,X5,X5,X5,X5,X5,X5,X5,X5,X5,G4,G4,R11,R11,C9,C9,C9,V9,V9,V9,V9,V9,V9,Y9,Y9,Y9,Y9,Y9,Y9,Y9,Y9,Y9,Y9,Y9,Y9,Y9,Z14,Z14,Z14,J8,V11,V11,V11,Z16,V11,V11,V11,V11,V11,Z16,R17,R17,R17,S14,S14,J10,V15,V15,V15,V15,V15,V15,V15,G11,G11,G11,G11,G11,R19,R19,R19,R19,R19,R19,R19,R19,R19,R19,D22,D22,D22,D22,D22,D22,D22,D22,X23,X23,X23,X23,X23,X23,X23,X23,X23,X23,W22,W22,W22,W22,W22,O17,W22,W22,W22,W22,W22,W22,F22,F22,F22,F22,F22
K1,K1,O1,O1,K1,K1,K1,H3,H3,H3,L3,L3,L3,K4,K4,L4,L4,L4,L4,K4,K4,X5,X5,X5,X5,X5,X5,X5,X5,X5,X5,X5,X5,X5,E5,G4,G4,G4,G4,R11,R11,C9,C9,R12,V9,V9,V9,V9,V9,V9,Y9,Y9,Y9,Y9,Y9,Y9,Y9,Y9,Y9,Y9,Y9,Y9,Y9,J8,Z14,Z14,J8,V11,W15,V11,Z16,V11,V11,V11,V11,Z16,Z16,R17,R17,R17,R17,V15,V15,V15,V15,V15,V15,V15,V15,V15,V15,V15,V15,V15,G11,G11,R19,R19,R19,R19,R19,R19,D22,D22,D22,D22,D22,D22,D22,D22,D22,D22,X23,X23,X23,X23,X23,X23,X23,X23,X23,W22,W22,W22,W22,W22,W22,W22,W22,W22,W22,W22,W22,W22,M20,M20,F22,F22,F22,F22
K1,K1,O1,O1,O1,K1,H3,H3,H3,H3,H3,H3,L3,K4,K4,L4,L4,L4,L4,L4,X5,X5,X5,X5,X5,X5,X5,X5,X5,X5,F4,F4,F4,X5,E5,E5,G4,G4,G4,G4,G4,C9,C9,R12,R12,R12,V9,V9,V9,V9,Y9,Y9,Y9,Y9,Y9,Y9,Y9,Y9,Y9,Y9,Y9,Y9,Y9,J8,J8,J8,J8,J8,Z16,Z16,Z16,Z16,Z16,Z16,V11,Z16,Z16,A12,R17,R17,R17,R17,V15,V15,V15,V15,V15,V15,V15,V15,V15,V15,V15,V15,G11,R19,R19,R19,R19,R19,R19,R19,D22,D22,D22,D22,D22,D22,D22,D22,D22,D22,X23,X23,X23,X23,X23,X23,X23,X23,W22,W22,W22,W22,W22,W22,W22,W22,W22,W22,W22,W22,W22,W22,M20,M20,M20,M20,M20,F22
K1,K1,O1,O1,K1,K1,H3,H3,H3,H3,H3,W6,B2,B2,B2,L4,L4,L4,L4,L4,L4,L4,X5,X5,C6,X5,X5,X5,X5,X5,R8,F4,F4,F4,F4,E5,G4,G4,G4,G4,G4,R12,R12,R12,R12,Q8,Q8,V9,V9,V9,V9,V9,Y9,Y9,Y9,Y9,Y9,Y9,Y9,Y9,Y9,Y9,Y9,J8,J8,J8,J8,J8,J8,Z16,Z16,Z16,Z16,Z16,Z16,Z16,Z16,Z16,Z16,V15,V15,V15,V15,V15,V15,V15,V15,V15,V15,V15,V15,V15,V15,V15,V15,R19,R19,R19,R19,R19,R19,E17,Q21,D22,D22,D22,D22,D22,D22,D22,D22,D22,D22,X23,X23,X23,X23,X23,W22,W22,W22,W22,W22,W22,W22,W22,W22,W22,W22,W22,W22,W22,W22,M20,M20,M20,M20,M20,M20,M20
O1,O1,O1,O1,O1,K1,H3,H3,H3,H3,H3,H3,B2,B2,L4,L4,L4,L4,L4,L4,L4,L4,X5,X5,X5,X5,D8,X5,X5,F4,F4,F4,F4,F4,G4,G4,G4,G4,G4,G4,G4,G4,R12,R12,R12,R12,V9,V9,I12,V9,Z12,Z12,Y9,Y9,Y9,Y9,Y9,Y9,Y9,Y9,Y9,Y9,Y9,J8,J8,J8,J8,J8,J8,Z16,Z16,Z16,Z16,Z16,Z16,Z16,L18,V15,V15,V15,V15,V15,V15,V15,V15,V15,V15,V15,V15,V15,V15,V15,V15,V15,V15,R19,R19,R19,R19,R19,R19,R19,Q21,Q21,Q21,Q21,D22,D22,D22,D22,D22,X23,X23,X23,X23,X23,X23,X23,X23,W22,W22,W22,W22,W22,W22,W22,W22,W22,W22,W22,E23,M20,M20,M20,M20,M20,M20,M20,M20,M20
O1,O1,O1,V2,O1,O1,H3,O1,J2,J2,H3,F1,B2,B2,B2,B2,L4,L4,L4,L4,L4,L4,L4,X5,X5,X5,F4,F4,F4,F4,F4,F4,F4,F4,G4,F4,G4,F4,G4,G4,R12,R12,R12,R12,R12,R12,R12,R12,R12,Z12,Z12,Z12,Z12,Z12,Z12,Y9,Y9,Y9,Y9,Y9,Y9,Y9,Y9,J8,J8,J8,J8,J8,J8,Z16,Z16,Z16,Z16,Z16,Z16,Q14,Z16,Z16,V15,V15,V15,V15,V15,V15,V15,V15,V15,V15,V15,V15,V15,V15,V15,V15,V15,V15,V15,V15,R19,R19,R19,R19,R19,Q21,Q21,Q21,Q21,Q21,D22,X23,R23,X23,X23,X23,X23,X23,X23,X23,W22,W22,W22,W22,W22,E23,E23,E23,W22,W22,E23,E23,E23,E23,M20,M20,M20,M20,M20,M20,M20,C23
O1,O1,O1,O1,O1,O1,O1,O1,O1,J2,B2,B2,B2,B2,B2,B2,B2,L4,L4,L4,L4,L4,L4,L4,L4,X5,X5,F4,F4,F4,F4,F4,F4,F4,F4,F4,F4,F4,B6,R12,R12,K10,R12,R12,R12,R12,R12,R12,R12,Z12,Z12,Z12,Z12,Z12,Z12,Z12,Z12,Z12,J7,C11,J8,J8,J8,J8,J8,J8,J8,J8,J8,Z16,Z16,Z16,Z16,Z16,Z16,Z16,Z16,Z16,F10,F10,F10,F10,V15,V15,V15,V15,V15,V15,V15,V15,V15,V15,V15,V15,V15,V15,V15,R19,R19,R19,R19,R19,Q21,Q21,Q21,Q21,Q21,Q21,C19,X23,X23,X23,X23,X23,C20,X23,X23,X23,W22,W22,W22,W22,W22,W22,E23,E23,E23,E23,E23,E23,E23,E23,E23,E23,M20,M20,M20,M20,M20,M20
O1,O1,O1,O1,O1,O1,O1,V4,B2,B2,B2,B2,B2,B2,B2,B2,B2,L4,L4,L4,L4,L4,L4,L4,L4,F4,F4,F4,F4,F4,F4,F4,F4,F4,F4,F4,F4,N5,R12,R12,R12,R12,R12,R12,R12,R12,R12,R12,R12,Z12,Z12,Z12,Z12,Z12,Z12,Z12,Z12,C11,C11,C11,C11,J8,J8,J8,J8,J8,J8,J8,J8,J8,Y13,Z16,Z16,Z16,Z16,Z16,Z16,Z16,F10,F10,F10,D17,V15,V15,V15,V15,V15,V15,V15,V15,V15,V15,V15,V15,V15,V15,V15,E15,E15,E15,Q20,U15,T16,Q21,Q21,Q21,Q21,Q21,C19,X23,J16,J16,X23,X23,C20,X23,W22,W22,W22,W22,W22,W22,W22,W22,W22,E23,E23,E23,E23,E23,E23,E23,E23,M20,M20,M20,M20,M20,M20,M20
H2,O1,O1,O1,O1,O1,O1,O1,B2,B2,B2,B2,B2,B2,B2,B2,B2,L4,L4,C5,L4,L4,L4,C5,C5,A6,A6,F4,F4,F4,F4,F4,F4,F4,F4,F4,F4,N5,R12,R12,R12,R12,R12,R12,R12,R12,R12,R12,Z12,Z12,Z12,Z12,Z12,Z12,Z12,Z12,Z12,C11,C11,C11,C11,C11,C11,C11,C11,J8,J8,Z16,J8,J8,Z16,Z16,Z16,Z16,Z16,Z16,Z16,F10,F10,F10,F10,F10,F10,V15,V15,V15,V15,V15,V15,V15,V15,V15,V15,E15,E15,E15,E15,E15,E15,E15,Q20,U15,P13,P13,P13,P13,P13,P13,P13,P13,P13,P13,X23,X23,X23,X23,W22,W22,W22,W22,W22,W22,W22,W22,W22,E23,E23,E23,E23,E23,E23,E23,E23,M20,M20,M20,M20,M20,M20,M20
H2,H2,O1,O1,O1,O1,O1,O1,X2,B2,B2,B2,B2,B2,B2,B2,B2,B2,C5,C5,C5,C5,C5,C5,C5,C5,A6,A6,F4,F4,F4,F4,F4,F4,F4,F4,F4,N5,R12,R12,R12,R12,R12,R12,R12,R12,R12,R12,E7,E7,Z12,Z12,Z12,Z12,Z12,C11,C11,C11,C11,C11,C11,C11,C11,J8,J8,J8,Z16,Z16,Z16,Z16,Z16,Z16,Z16,Z16,Z16,S12,Z16,F10,F10,F10,F10,F10,F10,F10,V15,V15,V15,V15,V15,V15,V15,V15,E15,E15,E15,E15,E15,E15,Q20,Q20,Q20,U15,P13,P13,P13,P13,P13,P13,P13,P13,P13,P13,U19,U19,U19,U19,U19,W22,W22,W22,W22,W22,W22,W22,J18,E23,E23,E23,E23,E23,E23,E23,E23,E23,M20,M20,M20,M20,M20,M20
H2,H2,H2,H2,O1,O1,O1,O1,X2,H2,T2,T2,B2,B2,B2,E1,B2,E1,C5,C5,C5,C5,C5,C5,C5,C5,C5,F4,F4,F4,F4,F4,F4,F4,F4,F4,N5,N5,R12,R12,R12,R12,R12,R12,R12,R12,R12,R12,R12,E7,E7,Z12,Z12,Z12,C11,C11,C11,C11,C11,C11,C11,C11,C11,J8,J8,P8,P8,Z16,Z16,Z16,Z16,Z16,Z16,Z16,Z16,Z16,F10,F10,F10,F10,F10,F10,F10,F10,F10,V15,T13,V15,E15,E15,E15,E15,E15,E15,E15,E15,E15,E15,Q20,Q20,Q20,U15,P13,P13,P13,P13,P13,P13,P13,P13,P13,P13,U19,U19,U19,U19,Q24,W22,W22,W22,B16,W22,W22,W22,J18,E23,E23,E23,E23,E23,E23,E23,E23,E23,E23,M20,M20,M20,M20,M20
H2,H2,H2,H2,H2,H2,H2,H2,H2,H2,T2,T2,B2,B2,E1,E1,E1,E1,C5,C5,C5,C5,C5,C5,C5,C5,C5,F4,F4,F4,F4,F4,F4,F4,N5,N5,N5,R12,R12,R12,R12,R12,R12,R12,R12,R12,E7,E7,E7,E7,E7,Z12,J5,J5,J5,J5,J5,C11,C11,C11,C11,C11,C11,C11,P8,P8,P8,P8,Z16,Z16,Z16,Z16,Z16,Z16,Z16,Z16,Z16,F10,F10,F10,F10,F10,F10,T13,T13,T13,T13,E15,E15,E15,E15,E15,E15,E15,E15,E15,E15,E15,Q20,Q20,Q20,Q20,P13,P13,P13,P13,P13,P13,P13,P13,P13,P13,U19,U19,U19,U19,Q24,L24,L24,Q24,B16,W22,W22,J18,J18,J18,E23,E23,E23,E23,E23,E23,E23,E23,E23,O20,M20,M20,M20,M20
H2,H2,H2,H2,H2,H2,H2,H2,H2,H2,T2,T2,T2,B2,E1,E1,E1,Z5,C5,C5,C5,C5,C5,C5,C5,C5,C5,F4,N5,N5,N5,F4,F4,N5,N5,N5,N5,N5,R12,R12,R12,R12,R12,R12,R12,R12,E7,E7,E7,E7,E7,Z12,Z12,J5,J5,J5,J5,C11,C11,C11,C11,C11,C11,P8,P8,P8,P8,P8,P8,P8,Z16,Z16,Z16,Z16,Z16,Z16,Z16,F10,F10,F10,F10,F10,F10,T13,T13,T13,T13,V18,T13,E15,E15,E15,E15,E15,E15,E15,E15,E15,P13,P13,P13,Q20,P13,P13,P13,P13,P13,P13,P13,P13,P13,P13,U19,U19,U19,U19,Q24,Q24,Q24,Q24,B16,B16,W22,J18,J18,J18,E23,E23,E23,E23,E23,E23,E23,E23,E23,M20,M20,M20,M20,M20
H2,H2,H2,H2,H2,H2,H2,H2,H2,T2,T2,T2,T2,T2,Z5,Z5,Z5,Z5,C5,C5,C5,C5,C5,C5,C5,C5,C5,N5,N5,N5,N5,F4,F4,N5,N5,N5,N5,R12,R12,R12,R12,R12,R12,R12,R12,R12,E7,E7,E7,E7,E7,J5,J5,J5,J5,C11,C11,C11,C11,C11,C11,C11,C11,C11,P8,P8,P8,Z16,Z16,Z16,Z16,Z16,Z16,Z16,Z16,Z16,F10,F10,F10,F10,F10,F10,F10,T13,T13,T13,T13,T13,T13,T13,E15,E15,E15,E15,E15,E15,E15,E15,P13,P13,P13,Q20,P13,P13,P13,P13,P13,P13,P13,P13,P13,P13,U19,U19,U19,Q24,Q24,Q24,Q24,Q24,Q24,E23,E23,J18,J18,J18,E23,E23,E23,E23,E23,E23,Z24,Z24,Z24,Z24,H24,M20,M20,M20
H2,H2,H2,H2,H2,H2,H2,T2,T2,T2,R3,T2,T2,T2,T2,T2,T2,Z5,Z5,Z5,C5,C5,C5,C5,C5,C5,C5,N5,N5,N5,N5,N5,N5,N5,N5,N5,R12,R12,R12,R12,R12,R12,R12,R12,R12,E7,E7,E7,E7,E7,E7,J5,J5,J5,J5,J5,H17,C11,C11,C11,C11,C11,C11,C11,C11,P8,P8,P8,P8,Z16,Z16,L16,Z16,R16,R16,R16,F10,F10,F10,F10,F10,F10,F10,T13,T13,T13,T13,T13,T13,T13,T13,E15,E15,E15,E15,E15,E15,E15,P13,P13,P13,P13,P13,P13,P13,P13,P13,P13,P13,P13,P13,P13,U19,U19,U19,U19,U19,Q24,Q24,Q24,Q24,E23,E23,E23,E23,E23,E23,E23,E23,E23,E23,Z24,Z24,H24,H24,H24,H24,H24,N19,N19
H2,H2,H2,H2,H2,H2,H2,T2,R3,R3,R3,T2,T2,T2,T2,Z5,T2,Z5,Z5,C5,C5,C5,C5,C5,C5,C5,C5,C5,I8,I8,I8,I8,I8,N5,N5,N5,R12,R12,R12,R12,R12,R12,R12,R12,R12,E7,E7,E7,E7,E7,E7,J5,J5,J5,J5,J5,J5,C11,C11,C11,C11,C11,C11,P8,P8,P8,P8,R15,P8,Z16,R15,R15,Z16,R16,R16,F9,L17,L17,L17,L17,L17,L17,L17,L17,L17,L17,T13,T13,T13,T13,T13,E15,E15,E15,E15,E15,E15,E15,S17,P13,S17,S17,P13,P13,P13,P13,P13,P13,P13,P13,P13,P13,U19,U19,U19,U19,U19,Q24,Q24,U19,E23,E23,E23,E23,E23,E23,E23,E23,E23,E23,E23,E23,E23,H24,H24,H24,H24,H24,N19,N19
H2,H2,H2,H2,T2,T2,T2,T2,T2,T2,R3,T2,T2,T2,Z5,Z5,Z5,Z5,Z5,C5,C5,C5,C5,C5,C5,C5,Q5,I8,I8,I8,I8,I8,I8,I8,N5,N5,N5,R12,N5,N5,N5,N5,N5,M6,R12,R12,E7,E7,E7,E7,J5,J5,J5,J5,J5,J5,J5,C11,J5,J5,C11,C11,P8,P8,P8,P8,P8,R15,R15,R15,R15,R15,L17,L17,L17,L17,L17,L17,L17,L17,L17,L17,L17,L17,L17,L17,T13,T13,T13,T13,E15,E15,E15,E15,E15,E15,E15,E15,S17,S17,S17,S17,P13,P13,P13,P13,P13,P13,P13,P13,P13,P13,Z21,Z21,U19,U19,U19,U19,U19,U19,U19,E23,E23,E23,E23,E23,E23,E23,E23,E23,E23,E23,E23,H24,H24,H24,H24,H24,H24,H24
H2,H2,H2,H2,T2,T2,T2,T2,R3,R3,R3,T2,T2,T2,Z5,Z5,Z5,Z5,Z5,Z5,C5,C5,C5,C5,Q5,Q5,Q5,I8,I8,I8,I8,I8,I8,I8,N5,N5,N5,N5,N5,N5,N5,N5,M6,M6,M6,E7,E7,E7,J5,J5,J5,J5,J5,J5,J5,J5,J5,J5,J5,J5,P8,P8,P8,P8,P8,P8,R15,R15,R15,R15,R15,R15,L17,L17,L17,L17,L17,L17,L17,L17,L17,L17,L17,L17,L17,L17,T13,T13,T13,E15,E15,E15,E15,E15,E15,E15,E15,E15,S17,S17,S17,S17,K17,K17,K17,K17,K17,K17,K17,Z21,Z21,Z21,Z21,Z21,U19,A18,U19,U19,U19,A20,U19,E23,E23,E23,E23,E23,E23,E23,E23,E23,E23,E23,B18,H24,H24,H24,H24,H24,H24,H24
H2,H2,H2,T2,T2,T2,T2,R3,R3,R3,R3,R3,R3,Z5,Z5,Z5,Z5,Z5,R3,Z5,C5,C5,C5,C5,C5,Q5,Q5,I8,I8,I8,I8,I8,I8,R10,N5,N5,N5,N5,M6,M6,M6,M6,M6,M6,M6,I11,E7,I11,I11,J5,J5,J5,J5,J5,J5,J5,J5,J5,J5,J5,J5,P8,J5,P8,P8,R15,R15,R15,R15,R15,R15,R15,L17,L17,L17,L17,L17,L17,L17,L17,L17,L17,L17,L17,L17,L17,T13,T13,T13,E15,E15,E15,E15,E15,Y16,Y16,Y16,S17,S17,S17,S17,K17,K17,K17,K17,K17,K17,K17,K17,Z21,Z21,Z21,Z21,Z21,A18,A18,Z21,Z21,Z21,Z21,Z21,A21,A21,E23,E23,E23,E23,E23,E23,E23,E23,H24,H24,H24,H24,H24,H24,H24,H24,H24
H2,S1,H2,T2,T2,T2,T2,T2,R3,R3,R3,R3,R3,Z5,R3,Z5,Z5,R3,R3,R3,R3,R3,C5,C5,Q5,Q5,I8,I8,I8,I8,I8,I8,R10,R10,N5,N5,N5,N5,N5,N5,N5,N5,N5,M6,M6,I11,I11,I11,J5,J5,J5,J5,J5,J5,J5,J5,J5,J5,J5,J5,J5,J5,J5,P8,P8,P8,R15,R15,R15,R15,R15,R15,L17,L17,L17,L17,L17,L17,L17,L17,L17,L17,K14,K14,K14,K14,K14,T13,T13,E15,E15,E15,E15,E15,Y16,Y16,Y16,S17,S17,S17,K17,K17,K17,K17,K17,K17,K17,K17,K17,Z21,Z21,Z21,Z21,Z21,A18,A18,Z21,Z21,Z21,Z21,Z21,A21,A21,A21,E23,E23,E23,E23,E23,E23,H24,H24,H24,H24,H24,H24,H24,H24,H24,H24
H2,S1,H2,T2,T2,T2,T2,R3,R3,R3,R3,R3,R3,R3,R3,R3,R3,R3,R3,R3,R3,R3,R3,Q5,Q5,I8,I8,I8,I8,I8,I8,I8,R10,R10,R10,N5,N5,N5,M6,M6,M6,M6,M6,M6,M6,I11,I11,I11,I11,I11,J5,J5,J5,J5,J5,J5,J5,J5,J5,J5,J5,J5,J5,J5,U11,R15,R15,R15,R15,R15,R15,R15,R15,L17,L17,L17,L17,L17,L17,L17,L17,L17,K14,K14,K14,K14,K14,K14,V19,E15,E15,E15,Y16,E15,Y16,Y16,Y16,S17,K17,S17,K17,K17,K17,K17,K17,K17,K17,K17,K17,Z21,Z21,Z21,Z21,Z21,A18,A18,Z21,Z21,Z21,Z21,Z21,A21,A21,A21,A21,A21,A21,E23,E23,E23,H24,H24,H24,H24,H24,H24,H24,H24,H24,B19
P1,T2,T2,T2,T2,W2,W2,Y4,R3,R3,R3,R3,R3,R3,R3,R3,R3,R3,R3,R3,R3,R3,R3,Q5,Q5,I8,I8,I8,I8,I8,I8,I8,R10,R10,R10,M6,N5,M6,M6,M6,M6,M6,M6,M6,M6,M6,I11,I11,I11,I11,J5,J5,J5,J5,J5,T7,T7,T7,T7,T7,T7,T7,T7,T7,T7,T7,T7,T7,R15,R15,R15,R15,L17,L17,L17,L17,L17,L17,L17,L17,L17,L17,L17,L17,L17,L17,L17,K14,V19,E15,E15,E15,Y16,Y16,Y16,Y16,Y16,Y16,K17,K17,K17,K17,K17,K17,K17,K17,K17,K17,K17,Z21,Z21,Z21,Z21,Z21,A18,A18,Z21,Z21,Z21,Z21,Z21,A21,A21,A21,A21,A21,A21,A21,E23,H24,H24,H24,H24,H24,H24,H24,H24,H24,H24,B19
P1,T2,T2,T2,W2,W2,W2,R3,R3,R3,R3,R3,R3,R3,R3,R3,R3,R3,R3,R3,R3,R3,R3,R3,I8,I8,I8,I8,I8,I8,I8,I8,I8,R10,R10,M6,M6,M6,M6,M6,M6,M6,M6,M6,M6,M6,M6,I11,I11,I11,I11,T7,T7,T7,T7,T7,T7,T7,T7,T7,T7,T7,T7,T7,T7,T7,T7,T7,R15,R15,R15,R15,L17,L17,L17,L17,L17,L17,L17,L17,L17,L17,L17,L17,L17,L17,L17,V19,V19,E15,E15,Y16,Y16,Y16,Y16,Y16,Y16,Y16,U14,K17,K17,K17,K17,K17,K17,K17,K17,K17,K17,Z21,Z21,Z21,Z21,Z21,A18,A18,Z21,Z21,Z21,Z21,Z21,A21,A21,A21,A21,A21,A21,A21,A21,H24,H24,H24,H24,H24,H24,H24,H24,H24,H24,B19
P1,T2,W2,G1,W2,W2,W2,W2,R3,R3,R3,R3,R3,R3,R3,R3,R3,R3,R3,R3,R3,R3,R3,I8,I8,I8,I8,I8,I8,I8,I8,I8,I8,R10,R10,R10,M6,M6,M6,M6,M6,M6,M6,M6,C10,C10,I11,I11,I11,I11,I11,T7,T7,T7,T7,T7,T7,T7,T7,T7,T7,T7,T7,T7,T7,T7,T7,T7,R15,R15,R15,O13,L17,L17,L17,L17,L17,L17,L17,L17,L17,L17,L17,L17,L17,L17,L17,V19,V19,I17,I17,Y16,Y16,Y16,Y16,Y16,Y16,Y16,Y16,K17,K17,K17,K17,K17,K17,K17,K17,K17,K17,Z21,Z21,Z21,Z21,Z21,A18,A18,Z21,Z21,Z21,Z21,Z21,A21,A21,A21,A21,Q25,Q25,A21,G20,H24,H24,H24,H24,H24,H24,H24,H24,H24,H24,H24
P1,P1,W2,W2,W2,W2,W2,W2,R3,R3,R3,R3,R3,R3,R3,R3,R3,U3,R3,R3,R3,U3,U3,I8,I8,I8,I8,I8,I8,I8,I8,I8,R10,R10,R10,R10,R10,M6,M6,M6,M6,M6,M6,M6,M6,M6,M6,I11,I11,I11,I11,T7,T7,T7,T7,T7,T7,T7,T7,T7,T7,T7,T7,T7,T7,T7,T7,T7,T7,R15,O13,O13,O13,O13,O13,O13,O13,L17,L17,L17,L17,L17,L17,L17,L17,L17,L17,V19,I17,I17,I17,Y16,Y16,Y16,Y16,Y16,Y16,X21,X21,K17,K17,K17,K17,K17,K17,K17,K17,K17,K17,Z21,Z21,Z21,Z21,Z21,Z21,Z21,Z21,Z21,Z21,Z21,Z21,A21,A21,A21,Q25,Q25,Q25,A21,G20,G20,H24,H24,H24,H24,H24,H24,H24,H24,H24,H24
W2,W2,W2,W2,W2,W2,W2,W2,W2,R3,R3,R3,R3,R3,R3,R3,U3,U3,U3,U3,U3,U3,U3,U3,U3,U3,I8,I8,I8,I8,I8,I8,R10,R10,R10,R10,R10,R10,R10,M6,M6,M6,M6,M6,M6,Z11,Z11,I11,Z11,I11,I11,T7,T7,T7,T7,T7,T7,T7,T7,T7,T7,T7,T7,T7,T7,T7,T7,T7,T7,R15,R15,O13,O13,O13,O13,O13,O13,L17,L17,L17,L17,L17,L17,L17,L17,L17,L17,I17,I17,I17,I17,I17,Y16,Y16,Y16,Y16,Y16,X21,X21,X21,K17,K17,L19,K17,K17,K17,K17,K17,K17,K17,K17,Z21,Z21,Z21,Z21,Z21,Z21,Z21,Z21,Z21,Z21,A21,Q25,Q25,Q25,Q25,Q25,G20,G20,G20,H24,H24,H24,H24,H24,H24,H24,H24,H24,H24
C1,W2,N3,W2,W2,W2,W2,W2,W2,R3,R3,R3,R3,R3,R3,U3,U3,U3,U3,U3,U3,U3,U3,U3,U3,U3,I8,I8,I8,I8,I8,W8,W8,R10,R10,R10,R10,R10,M6,M6,M6,M6,M6,M6,M6,Z11,Z11,Z11,Z11,I11,I11,T7,T7,T7,T7,T7,T7,T7,T7,T7,T7,T7,T7,T7,T7,T7,T7,T7,T7,U12,U12,O13,O13,O13,O13,O13,O13,L17,L17,L17,L17,L17,L17,L17,L17,L17,L17,I17,I17,I17,I17,P11,Y16,Y16,Y16,Y16,X21,X21,X21,X21,K17,L19,L19,L19,K17,K17,K17,K17,K17,K17,K17,Z21,Z21,Z21,Z21,Z21,Z21,Z21,Z21,Z21,Z21,Q25,Q25,Q25,Q25,Q25,Q25,Q25,Q25,G20,H24,H24,H24,H24,H24,H24,H24,H24,H24,H24
W2,W2,W2,W2,W2,W2,W2,W2,R3,R3,Z4,R3,Z4,U3,U3,U3,U3,U3,U3,U3,U3,U3,U3,U3,U3,I8,I8,I8,I8,I8,W8,W8,W8,R10,R10,R10,R10,R10,M6,M6,M6,M6,M6,M6,M6,M6,Z11,Z11,Z11,Z11,Z11,T7,T7,T7,T7,T7,T7,T7,T7,T7,T7,T7,U9,U9,U9,U9,U9,U9,U9,O13,O13,O13,O13,O13,O13,O13,O13,L17,L17,L17,L17,L17,L17,L17,L17,L17,L17,Y15,I17,I17,I17,Y16,Y16,Y16,Y16,Y16,X21,X21,O16,X21,X21,O16,L19,L19,L19,K17,K17,L19,L19,K17,K17,Z21,Z21,Z21,Z21,Z21,Z21,Z21,Z21,Z21,Z21,Q25,Q25,Q25,Q25,Q25,Q25,Q25,Q25,G20,G20,G20,H24,H24,H24,H24,H24,H24,H24,H24
W2,W2,W2,W2,W2,W2,W2,W2,R3,R3,Z4,Z4,Z4,Z4,U3,Z4,U3,U3,U3,U3,U3,U3,U3,U3,U3,U3,U3,W8,W8,I8,W8,W8,W8,W8,R10,R10,R10,R10,R10,M6,M6,G6,M6,E6,Z11,Z11,Z11,Z11,Z11,Z11,Z11,T7,T7,T7,T7,T7,U9,U9,U9,U9,U9,U9,U9,U9,U9,U9,U9,U9,U9,R14,O13,O13,O13,O13,O13,O13,O13,L17,L17,L17,L17,L17,L17,L17,L17,L17,L17,Y15,Y15,Y15,I17,Y16,Y16,Y16,Y16,Y16,O16,O16,O16,O16,O16,O16,O16,L19,K17,K17,L19,L19,L19,K17,K17,Z21,Z21,Z21,Z21,Z21,Z21,Z21,Z21,Z21,Z21,Q25,Q25,Q25,Q25,Q25,Q25,Q25,Q25,G20,G20,G20,H24,H24,H24,H24,H24,H24,H24,H24
W2,W2,W2,W2,W2,W2,W2,W2,W2,W2,Z4,Z4,Z4,Z4,Z4,Z4,U3,U3,U3,U3,U3,U3,U3,U3,U3,W8,W8,W8,W8,W8,W8,W8,U3,W8,R10,R10,R10,R10,R10,R10,R10,G6,G6,Z11,Z11,Z11,Z11,Z11,Z11,Z11,Z11,T7,T7,T7,T7,T7,U9,U9,U9,U9,U9,U9,U9,U9,U9,U9,U9,U9,U9,R14,O13,O13,O13,O13,O13,O13,O13,L17,L17,L17,L17,L17,L17,L17,L17,L17,L17,Y15,Y15,K15,K15,K15,Y16,Y16,K15,K15,O16,O16,O16,O16,O16,O16,L19,L19,K17,K17,L19,L19,L19,L19,L19,Z21,Z21,Z21,Z21,Z21,Z21,Z21,Z21,Z21,Z21,Q25,Q25,Q25,Q25,Q25,Q25,Q25,Q25,Q25,H24,H24,H24,H24,H24,H24,H24,H24,H24,H24
W2,W2,W2,W2,W2,W2,W2,W2,W2,Z4,Z4,Z4,Z4,Z4,Z4,Z4,Z4,Z4,Z4,U3,U3,U3,U3,W8,W8,W8,W8,W8,W8,W8,W8,W8,U3,U3,R10,R10,R10,R10,R10,R10,G6,G6,G6,Z11,Z11,Z11,Z11,Z11,Z11,Z11,Z11,T7,T7,T7,T7,T7,R14,R14,U9,U9,U9,U9,U9,U9,U9,U9,U9,R14,R14,R14,O13,O13,O13,O13,O13,O13,O13,O13,O13,O13,R14,R14,R14,X17,X17,X17,X17,X17,X17,X17,K15,K15,K15,K15,K15,K15,O16,O16,O16,O16,O16,O16,O16,L19,L19,L19,L19,L19,L19,L19,L19,Z21,Z21,Z21,Z21,Z21,Z21,Z21,Z21,Z21,Z21,Q25,Q25,Q25,Q25,Q25,Q25,Q25,Q25,Q25,H24,H24,H24,H24,H24,H24,H24,H24,H24,H24
W2,W2,W2,W2,W2,W2,W2,W2,W2,Z4,Z4,Z4,Z4,Z4,Z4,Z4,U3,Z4,U3,U3,U3,U3,U3,W8,W8,W8,W8,W8,W8,W8,W8,W8,U3,U3,R10,R10,R10,R10,R10,R10,G6,G6,Z11,Z11,Z11,Z11,Z11,Z11,Z11,Z11,Z11,T7,T7,T7,T7,T7,R14,R14,U9,U9,U9,U9,U9,U9,U9,R14,R14,R14,R14,R14,O13,O13,O13,O13,O13,O13,O13,O13,O13,R14,R14,R14,R14,X17,X17,X17,X17,X17,X17,K15,K15,K15,K15,K15,K15,K15,O16,O16,O16,O16,O16,O16,O16,O16,O16,O16,L19,L19,L19,L19,L19,L19,L19,L19,L19,L19,Q25,Q25,Q25,Q25,Q25,Q25,Q25,Q25,Q25,Q25,Q25,Q25,Q25,Q25,H24,H24,H24,H24,H24,H24,H24,H24,H24,H24
T1,T1,W2,W2,W2,W2,W2,W2,W2,Z4,Z4,Z4,Z4,Z4,Z4,U3,U3,U3,U3,U3,U3,U3,U3,W8,U3,W8,W8,W8,W8,W8,W8,W8,W8,U3,R10,R10,R10,R10,R10,R10,Z11,Z11,Z11,Z11,Z11,Z11,Z11,Z11,Z11,Z11,Z11,Z11,Z11,Z11,Z11,R14,R14,R14,R14,R14,R14,U9,R14,R14,U9,R14,R14,R14,R14,R14,R14,O13,O13,O13,O13,O13,O13,O13,R14,R14,R14,R14,R14,X17,X17,X17,X17,X17,X17,K15,K15,K15,K15,K15,K15,O16,O16,O16,O16,O16,O16,O16,L19,L19,L19,L19,L19,L19,L19,L19,L19,L19,L19,L19,L19,L19,Q25,Q25,Q25,Q25,Q25,Q25,Q25,Q25,Q25,Q25,Q25,Q25,Q25,H24,H24,H24,H24,H24,H24,H24,H24,H24,H24,H24
T1,T1,W2,W2,W2,W2,W2,W2,Z4,Z4,Z4,Z4,Z4,U3,U3,U3,U3,U3,U3,U3,U3,U3,U3,W8,U3,W8,X6,W8,W8,W8,W8,W8,W8,U3,U3,R10,R10,R10,U3,U3,U3,Z11,Z11,Z11,Z11,Z11,Z11,Z11,Z11,Z11,Z11,Z11,Z11,Z11,Z11,Z11,R14,R14,R14,R14,R14,R14,R14,R14,R14,R14,R14,R14,R14,R14,R14,R14,O13,O13,O13,R14,O13,O13,R14,R14,R14,R14,R14,X17,X17,X17,X17,X17,X17,K15,K15,K15,K15,K15,K15,K15,K15,K15,O16,O16,O16,O16,O16,L19,L19,L19,L19,L19,L19,L19,L19,L19,L19,L19,L19,L19,L19,Q25,Q25,Q25,Q25,Q25,Q25,Q25,Q25,Q25,Q25,Q25,Q25,Q25,Q25,Q25,H24,H24,H24,H24,H24,H24,H24,H24
T1,W2,W2,W2,W2,W2,W2,W2,Z4,Z4,Z4,Z4,Z4,U3,U3,U3,U3,U3,U3,U3,U3,U3,U3,U3,U3,U3,W8,W8,W8,W8,W8,W8,U3,U3,U3,U3,U3,R10,U3,U3,U3,U3,Z11,Z11,Z11,Z11,Z11,Z11,Z11,Z11,Z11,Z11,Z11,Z11,Z11,Z11,R14,R14,R14,R14,R14,R14,R14,R14,R14,R14,R14,R14,R14,R14,R14,R14,R14,R14,R14,R14,R14,R14,R14,R14,R14,R14,R14,R14,R14,X17,X17,X17,X17,K15,K15,K15,K15,K15,K15,K15,K15,K15,O16,O16,O16,O16,L19,L19,L19,L19,L19,L19,L19,L19,L19,L19,L19,L19,L19,L19,L19,L19,L19,Q25,L19,L19,Q25,Q25,Q25,Q25,Q25,Q25,Q25,Q25,Q25,Q25,H24,H24,H24,H24,H24,H24,H24,H24
T1,T1,T1,T1,W2,W2,I2,Z4,Z4,Z4,Z4,Z4,Z4,U3,U3,U3,U3,U3,U3,U3,U3,U3,U3,U3,U3,U3,U3,U3,U3,U3,U3,U3,U3,U3,U3,U3,U3,U3,U3,U3,Z11,Z11,Z11,Z11,Z11,Z11,Z11,Z11,Z11,Z11,Z11,Z11,Z11,Z11,Z11,Z11,R14,R14,R14,R14,R14,R14,R14,R14,R14,R14,R14,R14,R14,R14,R14,R14,R14,R14,R14,R14,R14,R14,R14,R14,R14,R14,R14,R14,R14,K15,K15,K15,K15,K15,K15,K15,K15,K15,K15,K15,K15,K15,O16,O16,L19,L19,L19,L19,L19,L19,L19,L19,L19,L19,L19,L19,L19,L19,L19,L19,L19,L19,L19,L19,L19,L19,L19,L19,Q25,Q25,Q25,Q25,Q25,Q25,Q25,Q25,H24,H24,H24,H24,H24,H24,H24,H24
